,Rep,Kfold,Num_Vars_,Precision_label_background,Recall_label_background,F1_score_label_background,Num_Obs_label_background,AUC_label_background,Accuracy_label_background,Precision_label_dos,Recall_label_dos,F1_score_label_dos,Num_Obs_label_dos,AUC_label_dos,Accuracy_label_dos,Precision_label_nerisbotnet,Recall_label_nerisbotnet,F1_score_label_nerisbotnet,Num_Obs_label_nerisbotnet,AUC_label_nerisbotnet,Accuracy_label_nerisbotnet,Precision_label_scan,Recall_label_scan,F1_score_label_scan,Num_Obs_label_scan,AUC_label_scan,Accuracy_label_scan,Precision_label_anomaly_sshscan,Recall_label_anomaly_sshscan,F1_score_label_anomaly_sshscan,Num_Obs_label_anomaly_sshscan,AUC_label_anomaly_sshscan,Accuracy_label_anomaly_sshscan,Precision_label_anomaly_udpscan,Recall_label_anomaly_udpscan,F1_score_label_anomaly_udpscan,Num_Obs_label_anomaly_udpscan,AUC_label_anomaly_udpscan,Accuracy_label_anomaly_udpscan,Precision_label_anomaly_spam,Recall_label_anomaly_spam,F1_score_label_anomaly_spam,Num_Obs_label_anomaly_spam,AUC_label_anomaly_spam,Accuracy_label_anomaly_spam,Precision_w,Recall_w,F1_score_w,Total_Obs,AUC_w,Accuracy_w,Hyper_time,Training_time,Testing_time,Total_time
0,2.0,5.0,97.0,1.0,1.0,1.0,9339.0,1.0,1.0,1.0,1.0,1.0,209.0,1.0,1.0,1.0,1.0,1.0,215.0,1.0,1.0,1.0,1.0,1.0,99.0,1.0,1.0,1.0,1.0,1.0,19.0,1.0,1.0,1.0,1.0,1.0,9.0,1.0,1.0,1.0,1.0,1.0,6122.0,1.0,1.0,1.0,1.0,1.0,16012.0,1.0,1.0,32579.872660160065,436.9061450958252,35.185148000717156,33203.439516544335
0,16.0,5.0,88.0,1.0,1.0,1.0,9339.0,1.0,1.0,1.0,1.0,1.0,209.0,1.0,1.0,1.0,1.0,1.0,215.0,1.0,1.0,1.0,1.0,1.0,99.0,1.0,1.0,1.0,1.0,1.0,20.0,1.0,1.0,1.0,1.0,1.0,8.0,1.0,1.0,1.0,1.0,1.0,6122.0,1.0,1.0,1.0,1.0,1.0,16012.0,1.0,1.0,31314.322266340252,462.2170379161835,70.76586055755615,32338.70865869522
0,4.0,4.0,94.0,1.0,1.0,1.0,9339.0,1.0,1.0,1.0,1.0,1.0,209.0,1.0,1.0,1.0,1.0,1.0,215.0,1.0,1.0,1.0,1.0,1.0,100.0,1.0,1.0,1.0,1.0,1.0,19.0,1.0,1.0,1.0,1.0,1.0,8.0,1.0,1.0,1.0,1.0,1.0,6122.0,1.0,1.0,1.0,1.0,1.0,16012.0,1.0,1.0,32386.20693421364,370.0945065021515,37.2979199886322,33073.978957653046
0,13.0,5.0,96.0,0.9990371242109768,0.9998929221544064,0.9994648399871562,9339.0,0.9992720006455484,0.9993754293922928,1.0,1.0,1.0,209.0,1.0,1.0,1.0,1.0,1.0,215.0,1.0,1.0,1.0,1.0,1.0,99.0,1.0,1.0,1.0,1.0,1.0,19.0,1.0,1.0,1.0,1.0,1.0,9.0,1.0,1.0,0.9998364677023712,0.9988563960137232,0.9993461915658712,6121.0,0.9993776418895712,0.9995003435138342,0.9993758492169462,0.9995003435138342,0.9994378976462901,16011.0,0.9993374405118256,0.9994446778928738,32381.355322837833,293.67158436775213,56.698939561843865,32928.85356736183
0,9.0,4.0,92.0,0.999785890161653,1.0,0.9998929336188436,9339.0,0.9998501423647536,0.99987509367974,1.0,1.0,1.0,209.0,1.0,1.0,1.0,1.0,1.0,215.0,1.0,1.0,1.0,1.0,1.0,99.0,1.0,1.0,1.0,1.0,1.0,19.0,1.0,1.0,1.0,1.0,1.0,9.0,1.0,1.0,0.9998366280019604,0.9996733093760211,0.9997549620191128,6122.0,0.9997860985707202,0.9998126405196104,0.9998126570601849,0.99987509367974,0.999843866134611,16012.0,0.9998308128275284,0.9998555136857448,30210.96572208404,291.4437808990478,34.74244475364685,30733.081807851788
0,12.0,2.0,87.0,0.9967962409226826,0.9994646107720312,0.9981286424637759,9339.0,0.997484440857318,0.9978141393954534,1.0,1.0,1.0,209.0,1.0,1.0,1.0,1.0,1.0,215.0,1.0,1.0,1.0,1.0,1.0,99.0,1.0,1.0,1.0,0.8421052631578947,0.9142857142857144,19.0,0.9210526315789472,0.9998126405196104,1.0,1.0,1.0,9.0,1.0,1.0,0.9991805965257292,0.9959163672002612,0.9975458115183246,6122.0,0.9977054030136796,0.998126405196103,0.9978181180306924,0.9979390457157132,0.9978684910477028,16012.0,0.9975618080449812,0.9980085273916158,31148.135709285736,794.233204126358,73.82166457176207,32547.452238559723
0,7.0,5.0,95.0,0.9977552111170496,0.9994646107720312,0.9986091794158554,9339.0,0.9981590359823596,0.998376319240617,1.0,1.0,1.0,209.0,1.0,1.0,1.0,1.0,1.0,216.0,1.0,1.0,1.0,1.0,1.0,99.0,1.0,1.0,1.0,0.8947368421052632,0.9444444444444444,19.0,0.9473684210526316,0.9998751014800474,1.0,1.0,1.0,9.0,1.0,1.0,0.9991815354395156,0.9970597843841882,0.998119532335868,6122.0,0.9982771371622692,0.9985636670205458,0.99837789774451,0.9984387685005932,0.998404005993212,16013.0,0.9982052001965072,0.9985037683017564,31995.097417354584,465.2798719406128,37.71907901763915,32707.341936826702
0,4.0,1.0,92.0,1.0,1.0,1.0,9339.0,1.0,1.0,1.0,1.0,1.0,208.0,1.0,1.0,1.0,1.0,1.0,215.0,1.0,1.0,1.0,1.0,1.0,99.0,1.0,1.0,1.0,1.0,1.0,19.0,1.0,1.0,1.0,1.0,1.0,9.0,1.0,1.0,1.0,1.0,1.0,6122.0,1.0,1.0,1.0,1.0,1.0,16011.0,1.0,1.0,32159.188246011734,404.995069026947,94.26435542106628,32899.59756135941
0,10.0,3.0,88.0,0.99265332197615,0.9982867544705,0.9954620682291389,9339.0,0.9939732888192452,0.9946914813889582,1.0,0.9808612440191388,0.9903381642512078,209.0,0.9904306220095692,0.9997501873594804,1.0,1.0,1.0,215.0,1.0,1.0,1.0,0.99,0.9949748743718592,100.0,0.995,0.99993754683987,1.0,0.5263157894736842,0.6896551724137931,19.0,0.763157894736842,0.9994379215588308,1.0,0.875,0.9333333333333332,8.0,0.9375,0.99993754683987,0.9975320829220138,0.9903626265926168,0.9939344262295082,6122.0,0.9944229715369556,0.9953784661503872,0.9947714704961176,0.9943792155883088,0.9944750868896574,16012.0,0.9938842103442528,0.9951324680983392,29909.396513938907,355.0570957660675,56.96192741394043,30569.698693990707
0,13.0,4.0,107.0,0.9987163029525032,0.9996787664632188,0.9991973029378712,9339.0,0.998940372143806,0.999063261100356,1.0,1.0,1.0,209.0,1.0,1.0,1.0,1.0,1.0,215.0,1.0,1.0,1.0,1.0,1.0,100.0,1.0,1.0,1.0,0.8947368421052632,0.9444444444444444,19.0,0.9473684210526316,0.9998751014800474,1.0,1.0,1.0,9.0,1.0,1.0,0.9995095635115252,0.9986932375040836,0.9991012337609282,6122.0,0.9991949657341468,0.9993130581402612,0.999063829456753,0.9991881596203084,0.9991223262140528,16013.0,0.9990117851542778,0.9991909051569988,32768.306270837784,220.2601912021637,41.53729462623596,33209.469226837165
0,3.0,2.0,97.0,0.9989303668841588,0.9998929336188436,0.9994114184814598,9340.0,0.9991970663298056,0.9993130152385712,1.0,1.0,1.0,208.0,1.0,1.0,1.0,1.0,1.0,215.0,1.0,1.0,1.0,1.0,1.0,99.0,1.0,1.0,1.0,1.0,1.0,19.0,1.0,1.0,1.0,1.0,1.0,9.0,1.0,1.0,0.999672988881622,0.9986932375040836,0.9991828730184672,6122.0,0.9992455065174616,0.999375468398701,0.999251040758889,0.9994379215588308,0.9993442541366404,16012.0,0.9992431670259982,0.9993604908734136,32567.790907382965,432.446427822113,37.57473254203797,33201.661298036575
0,12.0,5.0,103.0,0.9980758952431854,0.9997858443088125,0.9989301380121964,9339.0,0.9985442034371876,0.998750936797402,1.0,1.0,1.0,208.0,1.0,1.0,1.0,1.0,1.0,216.0,1.0,1.0,1.0,1.0,1.0,99.0,1.0,1.0,1.0,0.9,0.9473684210526316,20.0,0.95,0.99987509367974,1.0,1.0,1.0,8.0,1.0,1.0,0.9996726677577742,0.9977131656321464,0.998691955526488,6122.0,0.9987554705814928,0.9990007494379216,0.9987526141449664,0.9988758431176618,0.9988101473301346,16012.0,0.9986126222083308,0.9988892760856536,32787.163096666336,201.2130398750305,39.03555250167847,33190.48310112953
0,2.0,2.0,99.0,0.9992508561643836,0.9997858443088125,0.9995182786490392,9339.0,0.9993683418186748,0.9994378864530636,1.0,1.0,1.0,209.0,1.0,1.0,1.0,1.0,1.0,215.0,1.0,1.0,1.0,1.0,1.0,99.0,1.0,1.0,1.0,1.0,1.0,19.0,1.0,1.0,1.0,1.0,1.0,9.0,1.0,1.0,0.9996730423410168,0.9990197680117628,0.9993462984147736,6121.0,0.9994087717713008,0.9995003435138342,0.9994380387164165,0.9995003435138342,0.9994691085441388,16011.0,0.9994055359600736,0.99948110825266,20648.6683280468,224.366414308548,37.699955463409424,21072.46006298065
0,2.0,4.0,89.0,0.9939193513974824,0.9976442873969376,0.995778335916208,9339.0,0.9945492801302528,0.9950652757823724,1.0,0.9855769230769232,0.9927360774818402,208.0,0.9927884615384616,0.9998126054094572,1.0,1.0,1.0,215.0,1.0,1.0,1.0,0.98989898989899,0.9949238578680204,99.0,0.994949494949495,0.9999375351364858,1.0,0.6842105263157895,0.8125000000000001,19.0,0.8421052631578947,0.9996252108189144,1.0,1.0,1.0,8.0,1.0,1.0,0.9962264150943396,0.9919947720960628,0.9941060903732808,6121.0,0.9948343601580636,0.9955025298269724,0.995009976231716,0.994940346055344,0.994935431591072,16009.0,0.9945328781100592,0.9953984204204956,20237.564503669742,386.0707507133484,35.639578819274895,20818.450518846512
0,14.0,2.0,88.0,1.0,1.0,1.0,9339.0,1.0,1.0,1.0,1.0,1.0,209.0,1.0,1.0,1.0,1.0,1.0,215.0,1.0,1.0,1.0,1.0,1.0,99.0,1.0,1.0,1.0,1.0,1.0,19.0,1.0,1.0,1.0,1.0,1.0,9.0,1.0,1.0,1.0,1.0,1.0,6122.0,1.0,1.0,1.0,1.0,1.0,16012.0,1.0,1.0,31520.504687786102,776.4947974681854,49.37779211997986,32650.336583375934
0,9.0,1.0,86.0,1.0,1.0,1.0,9339.0,1.0,1.0,1.0,1.0,1.0,208.0,1.0,1.0,1.0,1.0,1.0,216.0,1.0,1.0,1.0,1.0,1.0,99.0,1.0,1.0,1.0,1.0,1.0,19.0,1.0,1.0,1.0,1.0,1.0,9.0,1.0,1.0,1.0,1.0,1.0,6121.0,1.0,1.0,1.0,1.0,1.0,16011.0,1.0,1.0,29868.933129072186,385.6130819320679,60.99450492858887,30566.395519733433
0,12.0,1.0,93.0,0.9998929336188436,1.0,0.999946463943466,9339.0,0.9999250599520384,0.9999375429392292,1.0,1.0,1.0,209.0,1.0,1.0,1.0,1.0,1.0,215.0,1.0,1.0,1.0,1.0,1.0,99.0,1.0,1.0,1.0,1.0,1.0,19.0,1.0,1.0,1.0,1.0,1.0,9.0,1.0,1.0,1.0,1.0,1.0,6121.0,1.0,1.0,0.9999375496262808,1.0,0.9999687731414669,16011.0,0.9999562884824236,0.9999635696402138,32238.715512514118,382.9482979774475,54.05464911460877,32858.67065906525
0,20.0,1.0,93.0,0.9988232777064612,0.9997858443088125,0.9993043292128218,9339.0,0.9990688286572532,0.9991881596203084,1.0,1.0,1.0,209.0,1.0,1.0,1.0,1.0,1.0,215.0,1.0,1.0,1.0,1.0,1.0,99.0,1.0,1.0,1.0,1.0,1.0,20.0,1.0,1.0,1.0,1.0,1.0,9.0,1.0,1.0,0.9996728819103696,0.9983665468801044,0.9990192873488069,6122.0,0.9990821714281224,0.9992506088802848,0.9991886575629754,0.9992506088802848,0.9992193347697456,16013.0,0.9991060291209051,0.9992400206244404,29105.236173868183,262.6458787918091,35.90462279319763,29585.324389457706
0,2.0,1.0,92.0,0.999037021185534,0.9996788008565308,0.9993578079845874,9340.0,0.9991651421124129,0.9992506556762832,1.0,1.0,1.0,209.0,1.0,1.0,1.0,1.0,1.0,216.0,1.0,1.0,1.0,1.0,1.0,99.0,1.0,1.0,1.0,0.9473684210526316,0.972972972972973,19.0,0.9736842105263156,0.9999375546396904,1.0,1.0,1.0,9.0,1.0,1.0,0.9995095635115252,0.9986932375040836,0.9991012337609282,6122.0,0.999194981065022,0.999313101036593,0.9992508633502214,0.9992506556762832,0.999249791816344,16014.0,0.9991741039971276,0.9993002836331124,13968.007606983183,230.01757836341858,34.375174283981316,14395.386169672012
0,4.0,2.0,95.0,1.0,1.0,1.0,9340.0,1.0,1.0,1.0,1.0,1.0,209.0,1.0,1.0,1.0,1.0,1.0,215.0,1.0,1.0,1.0,1.0,1.0,99.0,1.0,1.0,1.0,1.0,1.0,19.0,1.0,1.0,1.0,1.0,1.0,9.0,1.0,1.0,1.0,1.0,1.0,6122.0,1.0,1.0,1.0,1.0,1.0,16013.0,1.0,1.0,32473.442826271053,418.5342400074005,37.95540165901185,33134.075410366066
0,8.0,5.0,80.0,0.999037021185534,0.9996788008565308,0.9993578079845874,9340.0,0.9991651421124129,0.9992506556762832,1.0,1.0,1.0,209.0,1.0,1.0,1.0,1.0,1.0,216.0,1.0,1.0,1.0,1.0,1.0,99.0,1.0,1.0,1.0,1.0,1.0,19.0,1.0,1.0,1.0,1.0,1.0,9.0,1.0,1.0,0.9995095635115252,0.9986932375040836,0.9991012337609282,6122.0,0.999194981065022,0.999313101036593,0.9992508633502214,0.999313101036593,0.9992818583527194,16014.0,0.9992053266772826,0.99930035772215,28639.81011915207,1037.2613871097562,66.4709415435791,30093.90284490585
0,5.0,3.0,90.0,1.0,1.0,1.0,9339.0,1.0,1.0,1.0,1.0,1.0,209.0,1.0,1.0,1.0,1.0,1.0,215.0,1.0,1.0,1.0,1.0,1.0,99.0,1.0,1.0,1.0,1.0,1.0,19.0,1.0,1.0,1.0,1.0,1.0,9.0,1.0,1.0,1.0,1.0,1.0,6122.0,1.0,1.0,1.0,1.0,1.0,16012.0,1.0,1.0,30881.007737874985,963.9195165634156,56.72028517723084,32090.325273036957
0,18.0,2.0,84.0,1.0,1.0,1.0,9339.0,1.0,1.0,1.0,1.0,1.0,209.0,1.0,1.0,1.0,1.0,1.0,216.0,1.0,1.0,1.0,1.0,1.0,99.0,1.0,1.0,1.0,1.0,1.0,19.0,1.0,1.0,1.0,1.0,1.0,9.0,1.0,1.0,1.0,1.0,1.0,6121.0,1.0,1.0,1.0,1.0,1.0,16012.0,1.0,1.0,28125.46934723854,786.2499692440033,37.2840211391449,29133.833194732666
0,1.0,3.0,98.0,1.0,1.0,1.0,9339.0,1.0,1.0,1.0,1.0,1.0,209.0,1.0,1.0,1.0,1.0,1.0,215.0,1.0,1.0,1.0,1.0,1.0,99.0,1.0,1.0,1.0,1.0,1.0,20.0,1.0,1.0,1.0,1.0,1.0,9.0,1.0,1.0,1.0,1.0,1.0,6121.0,1.0,1.0,1.0,1.0,1.0,16012.0,1.0,1.0,14045.251145362854,173.23510241508484,36.10014152526856,14427.317258119585
0,7.0,2.0,79.0,1.0,1.0,1.0,9340.0,1.0,1.0,1.0,1.0,1.0,209.0,1.0,1.0,1.0,1.0,1.0,215.0,1.0,1.0,1.0,1.0,1.0,99.0,1.0,1.0,1.0,1.0,1.0,20.0,1.0,1.0,1.0,1.0,1.0,9.0,1.0,1.0,1.0,1.0,1.0,6121.0,1.0,1.0,1.0,1.0,1.0,16013.0,1.0,1.0,30130.706360578533,1305.2611880302431,41.05472731590271,31887.543402194977
0,18.0,5.0,84.0,1.0,1.0,1.0,9339.0,1.0,1.0,1.0,1.0,1.0,209.0,1.0,1.0,1.0,1.0,1.0,215.0,1.0,1.0,1.0,1.0,1.0,99.0,1.0,1.0,1.0,1.0,1.0,19.0,1.0,1.0,1.0,1.0,1.0,8.0,1.0,1.0,1.0,1.0,1.0,6122.0,1.0,1.0,1.0,1.0,1.0,16011.0,1.0,1.0,28466.55257844925,470.51568841934204,55.87560677528381,29182.34348845482
0,11.0,2.0,95.0,0.9998929221544064,0.9998929221544064,0.9998929221544064,9339.0,0.9998715210292414,0.9998750858784584,1.0,1.0,1.0,209.0,1.0,1.0,1.0,1.0,1.0,215.0,1.0,1.0,1.0,1.0,1.0,99.0,1.0,1.0,1.0,1.0,1.0,19.0,1.0,1.0,1.0,1.0,1.0,9.0,1.0,1.0,0.9998366280019604,0.9998366280019604,0.9998366280019604,6121.0,0.99986775788369,0.9998750858784584,0.9998750858784584,0.9998750858784584,0.9998750858784584,16011.0,0.999874503834748,0.9998793846531115,30385.258496046063,232.8317401409149,34.99435830116272,30810.038518190388
0,6.0,4.0,89.0,1.0,1.0,1.0,9339.0,1.0,1.0,1.0,1.0,1.0,209.0,1.0,1.0,1.0,1.0,1.0,215.0,1.0,1.0,1.0,1.0,1.0,100.0,1.0,1.0,1.0,1.0,1.0,19.0,1.0,1.0,1.0,1.0,1.0,9.0,1.0,1.0,1.0,1.0,1.0,6122.0,1.0,1.0,1.0,1.0,1.0,16013.0,1.0,1.0,31862.34775805473,538.1243987083435,43.68929100036621,32674.824138879776
0,17.0,4.0,95.0,1.0,1.0,1.0,9339.0,1.0,1.0,1.0,1.0,1.0,209.0,1.0,1.0,1.0,1.0,1.0,215.0,1.0,1.0,1.0,1.0,1.0,99.0,1.0,1.0,1.0,1.0,1.0,20.0,1.0,1.0,1.0,1.0,1.0,9.0,1.0,1.0,1.0,1.0,1.0,6121.0,1.0,1.0,1.0,1.0,1.0,16012.0,1.0,1.0,32173.211313009262,294.4834356307984,50.92113471031189,32699.614061832428
0,8.0,1.0,88.0,1.0,1.0,1.0,9339.0,1.0,1.0,1.0,1.0,1.0,209.0,1.0,1.0,1.0,1.0,1.0,215.0,1.0,1.0,1.0,1.0,1.0,99.0,1.0,1.0,1.0,1.0,1.0,19.0,1.0,1.0,1.0,1.0,1.0,9.0,1.0,1.0,1.0,1.0,1.0,6121.0,1.0,1.0,1.0,1.0,1.0,16011.0,1.0,1.0,31720.72918748856,303.9155786037445,58.05608892440796,32449.335051059723
0,16.0,4.0,87.0,1.0,1.0,1.0,9339.0,1.0,1.0,1.0,1.0,1.0,208.0,1.0,1.0,1.0,1.0,1.0,215.0,1.0,1.0,1.0,1.0,1.0,99.0,1.0,1.0,1.0,1.0,1.0,19.0,1.0,1.0,1.0,1.0,1.0,9.0,1.0,1.0,1.0,1.0,1.0,6122.0,1.0,1.0,1.0,1.0,1.0,16011.0,1.0,1.0,31598.71039748192,589.9191346168517,38.21545076370239,32511.07038116455
0,13.0,1.0,85.0,1.0,1.0,1.0,9339.0,1.0,1.0,1.0,1.0,1.0,209.0,1.0,1.0,1.0,1.0,1.0,215.0,1.0,1.0,1.0,1.0,1.0,99.0,1.0,1.0,1.0,1.0,1.0,19.0,1.0,1.0,1.0,1.0,1.0,9.0,1.0,1.0,1.0,1.0,1.0,6122.0,1.0,1.0,1.0,1.0,1.0,16012.0,1.0,1.0,30294.971903324127,1028.4994094371796,143.83625435829163,32244.209640979767
0,10.0,2.0,86.0,1.0,1.0,1.0,9339.0,1.0,1.0,1.0,1.0,1.0,208.0,1.0,1.0,1.0,1.0,1.0,215.0,1.0,1.0,1.0,1.0,1.0,99.0,1.0,1.0,1.0,1.0,1.0,19.0,1.0,1.0,1.0,1.0,1.0,9.0,1.0,1.0,1.0,1.0,1.0,6122.0,1.0,1.0,1.0,1.0,1.0,16011.0,1.0,1.0,29828.478983640667,378.20266962051386,58.01969957351685,30535.605488061905
0,2.0,3.0,103.0,0.9967948717948718,0.9990362993896564,0.9979143269693568,9339.0,0.9972709586835924,0.9975646309479206,1.0,0.9952153110047848,0.9976019184652278,209.0,0.9976076555023924,0.9999375546396904,1.0,1.0,1.0,215.0,1.0,1.0,1.0,1.0,1.0,100.0,1.0,1.0,1.0,0.85,0.9189189189189187,20.0,0.925,0.9998126639190708,1.0,1.0,1.0,9.0,1.0,1.0,0.9981976077339012,0.9950996406403136,0.996646216768916,6122.0,0.9969938154677508,0.9974397402273012,0.9974418048107438,0.9973148495066816,0.9973690032448942,16014.0,0.9971343587760484,0.9975999363239816,20429.26788163185,294.71563696861267,38.44533348083496,20952.7738468647
0,15.0,4.0,95.0,1.0,1.0,1.0,9339.0,1.0,1.0,1.0,1.0,1.0,208.0,1.0,1.0,1.0,1.0,1.0,215.0,1.0,1.0,1.0,1.0,1.0,99.0,1.0,1.0,1.0,1.0,1.0,19.0,1.0,1.0,1.0,1.0,1.0,9.0,1.0,1.0,1.0,1.0,1.0,6122.0,1.0,1.0,1.0,1.0,1.0,16011.0,1.0,1.0,32302.81568050384,243.9772322177887,43.31979417800903,32769.77575850487
0,8.0,2.0,97.0,1.0,1.0,1.0,9339.0,1.0,1.0,1.0,1.0,1.0,208.0,1.0,1.0,1.0,1.0,1.0,215.0,1.0,1.0,1.0,1.0,1.0,99.0,1.0,1.0,1.0,1.0,1.0,20.0,1.0,1.0,1.0,1.0,1.0,8.0,1.0,1.0,1.0,1.0,1.0,6121.0,1.0,1.0,1.0,1.0,1.0,16010.0,1.0,1.0,32391.59536838532,294.1553826332093,35.01871061325073,32868.32817173004
0,11.0,3.0,89.0,1.0,1.0,1.0,9340.0,1.0,1.0,1.0,1.0,1.0,209.0,1.0,1.0,1.0,1.0,1.0,215.0,1.0,1.0,1.0,1.0,1.0,99.0,1.0,1.0,1.0,1.0,1.0,19.0,1.0,1.0,1.0,1.0,1.0,8.0,1.0,1.0,1.0,1.0,1.0,6122.0,1.0,1.0,1.0,1.0,1.0,16012.0,1.0,1.0,30127.645388126373,301.7967140674591,37.16114473342896,30694.28671741486
0,20.0,3.0,92.0,1.0,1.0,1.0,9339.0,1.0,1.0,1.0,1.0,1.0,208.0,1.0,1.0,1.0,1.0,1.0,215.0,1.0,1.0,1.0,1.0,1.0,100.0,1.0,1.0,1.0,1.0,1.0,19.0,1.0,1.0,1.0,1.0,1.0,9.0,1.0,1.0,1.0,1.0,1.0,6121.0,1.0,1.0,1.0,1.0,1.0,16011.0,1.0,1.0,28929.944316864014,241.51722478866574,40.49072051048279,29484.72910690308
0,6.0,3.0,92.0,1.0,1.0,1.0,9339.0,1.0,1.0,1.0,1.0,1.0,209.0,1.0,1.0,1.0,1.0,1.0,216.0,1.0,1.0,1.0,1.0,1.0,99.0,1.0,1.0,1.0,1.0,1.0,19.0,1.0,1.0,1.0,1.0,1.0,9.0,1.0,1.0,1.0,1.0,1.0,6122.0,1.0,1.0,1.0,1.0,1.0,16013.0,1.0,1.0,31993.103867530826,513.1772215366364,38.81762433052064,32758.82705450058
0,4.0,5.0,93.0,1.0,1.0,1.0,9339.0,1.0,1.0,1.0,1.0,1.0,209.0,1.0,1.0,1.0,1.0,1.0,216.0,1.0,1.0,1.0,1.0,1.0,99.0,1.0,1.0,1.0,1.0,1.0,20.0,1.0,1.0,1.0,1.0,1.0,9.0,1.0,1.0,1.0,1.0,1.0,6121.0,1.0,1.0,1.0,1.0,1.0,16013.0,1.0,1.0,32550.68623614311,456.354599237442,36.02965927124024,33195.136770009995
0,9.0,2.0,94.0,1.0,1.0,1.0,9339.0,1.0,1.0,1.0,1.0,1.0,209.0,1.0,1.0,1.0,1.0,1.0,215.0,1.0,1.0,1.0,1.0,1.0,99.0,1.0,1.0,1.0,1.0,1.0,20.0,1.0,1.0,1.0,1.0,1.0,9.0,1.0,1.0,1.0,1.0,1.0,6121.0,1.0,1.0,1.0,1.0,1.0,16012.0,1.0,1.0,30438.231501340862,236.78390765190125,34.357657194137566,30867.949640274048
0,7.0,3.0,97.0,1.0,1.0,1.0,9339.0,1.0,1.0,1.0,1.0,1.0,209.0,1.0,1.0,1.0,1.0,1.0,215.0,1.0,1.0,1.0,1.0,1.0,100.0,1.0,1.0,1.0,1.0,1.0,19.0,1.0,1.0,1.0,1.0,1.0,8.0,1.0,1.0,1.0,1.0,1.0,6121.0,1.0,1.0,1.0,1.0,1.0,16011.0,1.0,1.0,32166.287316799164,387.3995671272278,35.77074813842773,32781.314501047134
0,17.0,1.0,83.0,1.0,1.0,1.0,9339.0,1.0,1.0,1.0,1.0,1.0,209.0,1.0,1.0,1.0,1.0,1.0,215.0,1.0,1.0,1.0,1.0,1.0,99.0,1.0,1.0,1.0,1.0,1.0,19.0,1.0,1.0,1.0,1.0,1.0,9.0,1.0,1.0,1.0,1.0,1.0,6121.0,1.0,1.0,1.0,1.0,1.0,16011.0,1.0,1.0,28881.197037458416,1710.9303481578827,76.13596773147583,31441.441527843475
0,10.0,5.0,98.0,0.999678869621066,1.0,0.9998394090252128,9339.0,0.9997752135471302,0.9998126405196104,1.0,1.0,1.0,209.0,1.0,1.0,1.0,1.0,1.0,216.0,1.0,1.0,1.0,1.0,1.0,99.0,1.0,1.0,1.0,1.0,1.0,19.0,1.0,1.0,1.0,1.0,1.0,9.0,1.0,1.0,1.0,0.9996732560039208,0.9998366013071897,6121.0,0.9998366280019604,0.99987509367974,0.9998127006864312,0.99987509367974,0.9998438719390312,16012.0,0.9998064401271952,0.999842973908714,30518.549356460568,186.1536066532135,34.853527307510376,30895.47357368469
0,14.0,4.0,88.0,1.0,1.0,1.0,9339.0,1.0,1.0,1.0,1.0,1.0,209.0,1.0,1.0,1.0,1.0,1.0,215.0,1.0,1.0,1.0,1.0,1.0,99.0,1.0,1.0,1.0,1.0,1.0,19.0,1.0,1.0,1.0,1.0,1.0,8.0,1.0,1.0,1.0,1.0,1.0,6121.0,1.0,1.0,1.0,1.0,1.0,16010.0,1.0,1.0,31480.90985131264,792.0134563446045,53.20573616027832,32624.671112775806
0,18.0,4.0,90.0,1.0,1.0,1.0,9339.0,1.0,1.0,1.0,1.0,1.0,209.0,1.0,1.0,1.0,1.0,1.0,215.0,1.0,1.0,1.0,1.0,1.0,99.0,1.0,1.0,1.0,1.0,1.0,20.0,1.0,1.0,1.0,1.0,1.0,9.0,1.0,1.0,1.0,1.0,1.0,6121.0,1.0,1.0,1.0,1.0,1.0,16012.0,1.0,1.0,28965.50428199768,230.64635944366452,42.758487701416016,29489.700175285336
0,13.0,3.0,105.0,1.0,1.0,1.0,9340.0,1.0,1.0,1.0,1.0,1.0,208.0,1.0,1.0,1.0,1.0,1.0,215.0,1.0,1.0,1.0,1.0,1.0,99.0,1.0,1.0,1.0,1.0,1.0,19.0,1.0,1.0,1.0,1.0,1.0,8.0,1.0,1.0,1.0,1.0,1.0,6122.0,1.0,1.0,1.0,1.0,1.0,16011.0,1.0,1.0,32854.73554325104,179.50805854797363,38.75767683982849,33239.206514120095
0,10.0,1.0,80.0,0.9974353494336397,0.999357601713062,0.998395550326238,9340.0,0.997880239705452,0.998126405196103,1.0,1.0,1.0,209.0,1.0,1.0,1.0,1.0,1.0,215.0,1.0,1.0,1.0,1.0,1.0,99.0,1.0,1.0,1.0,1.0,1.0,19.0,1.0,1.0,1.0,1.0,1.0,9.0,1.0,1.0,0.9991809991809992,0.9965691880411698,0.9978733845902176,6121.0,0.9980318389907598,0.9983762178366226,0.9981909230387892,0.9983137646764926,0.9982511508321124,16012.0,0.9980111369792256,0.9982863760872828,28854.28927254677,811.460865020752,74.12370896339418,30095.627125978466
0,1.0,4.0,82.0,1.0,1.0,1.0,9340.0,1.0,1.0,1.0,1.0,1.0,208.0,1.0,1.0,1.0,1.0,1.0,215.0,1.0,1.0,1.0,1.0,1.0,99.0,1.0,1.0,1.0,1.0,1.0,19.0,1.0,1.0,1.0,1.0,1.0,9.0,1.0,1.0,1.0,1.0,1.0,6122.0,1.0,1.0,1.0,1.0,1.0,16012.0,1.0,1.0,12581.483238220215,672.4508895874022,68.15581965446472,13735.028076171875
0,8.0,4.0,90.0,1.0,1.0,1.0,9339.0,1.0,1.0,1.0,1.0,1.0,209.0,1.0,1.0,1.0,1.0,1.0,215.0,1.0,1.0,1.0,1.0,1.0,100.0,1.0,1.0,1.0,1.0,1.0,19.0,1.0,1.0,1.0,1.0,1.0,9.0,1.0,1.0,1.0,1.0,1.0,6122.0,1.0,1.0,1.0,1.0,1.0,16013.0,1.0,1.0,30126.75737953186,313.4751513004303,37.12637591362,30707.834397792816
0,12.0,4.0,90.0,0.9995718261614216,0.9997858672376874,0.9996788352424794,9340.0,0.9995932183483506,0.9996253044401424,1.0,1.0,1.0,209.0,1.0,1.0,1.0,1.0,1.0,215.0,1.0,1.0,1.0,1.0,1.0,100.0,1.0,1.0,1.0,1.0,1.0,19.0,1.0,1.0,1.0,1.0,1.0,9.0,1.0,1.0,0.9996731492073868,0.999346512007842,0.9995098039215686,6121.0,0.9995721642125744,0.9996253044401424,0.9996253170952408,0.9996253044401424,0.9996252938842616,16013.0,0.9995991929381604,0.9996382209422996,31950.985332250595,567.0388698577882,36.57185506820679,32783.673278331764
0,3.0,4.0,90.0,1.0,1.0,1.0,9339.0,1.0,1.0,1.0,1.0,1.0,209.0,1.0,1.0,1.0,1.0,1.0,215.0,1.0,1.0,1.0,1.0,1.0,99.0,1.0,1.0,1.0,1.0,1.0,20.0,1.0,1.0,1.0,1.0,1.0,8.0,1.0,1.0,1.0,1.0,1.0,6121.0,1.0,1.0,1.0,1.0,1.0,16011.0,1.0,1.0,32228.375783205036,401.26547503471375,50.056668281555176,32984.68801140785
0,15.0,1.0,95.0,1.0,1.0,1.0,9340.0,1.0,1.0,1.0,1.0,1.0,209.0,1.0,1.0,1.0,1.0,1.0,215.0,1.0,1.0,1.0,1.0,1.0,99.0,1.0,1.0,1.0,1.0,1.0,19.0,1.0,1.0,1.0,1.0,1.0,9.0,1.0,1.0,1.0,1.0,1.0,6122.0,1.0,1.0,1.0,1.0,1.0,16013.0,1.0,1.0,32347.79358553886,225.808265209198,39.743939638137824,32797.89720225334
0,3.0,5.0,99.0,1.0,1.0,1.0,9339.0,1.0,1.0,1.0,1.0,1.0,209.0,1.0,1.0,1.0,1.0,1.0,215.0,1.0,1.0,1.0,1.0,1.0,99.0,1.0,1.0,1.0,1.0,1.0,19.0,1.0,1.0,1.0,1.0,1.0,9.0,1.0,1.0,1.0,1.0,1.0,6121.0,1.0,1.0,1.0,1.0,1.0,16011.0,1.0,1.0,32583.39113664627,429.8229775428772,37.659222841262824,33217.669243097305
0,3.0,3.0,86.0,0.9992508561643836,0.9997858443088125,0.9995182786490392,9339.0,0.9993684990198544,0.9994379566602136,1.0,1.0,1.0,209.0,1.0,1.0,1.0,1.0,1.0,215.0,1.0,1.0,1.0,1.0,1.0,100.0,1.0,1.0,1.0,1.0,1.0,19.0,1.0,1.0,1.0,1.0,1.0,9.0,1.0,1.0,0.9996731492073868,0.9991832734400524,0.9994281512948288,6122.0,0.999490534708096,0.999562855180166,0.9994381293428338,0.999562855180166,0.999500427560752,16013.0,0.9994369241134944,0.9995050819123656,31389.611128091805,801.3377113342285,83.97109913825989,32478.45501279831
0,1.0,5.0,89.0,1.0,1.0,1.0,9339.0,1.0,1.0,1.0,1.0,1.0,209.0,1.0,1.0,1.0,1.0,1.0,215.0,1.0,1.0,1.0,1.0,1.0,99.0,1.0,1.0,1.0,1.0,1.0,19.0,1.0,1.0,1.0,1.0,1.0,8.0,1.0,1.0,1.0,1.0,1.0,6122.0,1.0,1.0,1.0,1.0,1.0,16011.0,1.0,1.0,20182.230072259907,392.0370118618012,37.772376298904426,20767.472009420395
0,15.0,5.0,105.0,1.0,1.0,1.0,9339.0,1.0,1.0,1.0,1.0,1.0,209.0,1.0,1.0,1.0,1.0,1.0,215.0,1.0,1.0,1.0,1.0,1.0,100.0,1.0,1.0,1.0,1.0,1.0,19.0,1.0,1.0,1.0,1.0,1.0,9.0,1.0,1.0,1.0,1.0,1.0,6121.0,1.0,1.0,1.0,1.0,1.0,16012.0,1.0,1.0,32637.11909723282,170.82090616226196,38.636231899261475,33005.691620349884
0,20.0,2.0,84.0,1.0,1.0,1.0,9340.0,1.0,1.0,1.0,1.0,1.0,209.0,1.0,1.0,1.0,1.0,1.0,215.0,1.0,1.0,1.0,1.0,1.0,99.0,1.0,1.0,1.0,1.0,1.0,19.0,1.0,1.0,1.0,1.0,1.0,9.0,1.0,1.0,1.0,1.0,1.0,6122.0,1.0,1.0,1.0,1.0,1.0,16013.0,1.0,1.0,28438.15410137176,476.6338679790497,55.82297015190125,29161.70957064629
0,7.0,1.0,85.0,0.9962630792227204,0.99914337723525,0.9977011494252872,9339.0,0.9969491800008109,0.9973145141144142,1.0,1.0,1.0,209.0,1.0,1.0,1.0,1.0,1.0,215.0,1.0,1.0,1.0,1.0,1.0,99.0,1.0,1.0,1.0,0.8421052631578947,0.9142857142857144,19.0,0.9210526315789472,0.9998126405196104,1.0,1.0,1.0,9.0,1.0,1.0,0.998524831994755,0.9950996406403136,0.9968092939540212,6122.0,0.9970948152645452,0.9975643267549338,0.9972564275751234,0.997439420434674,0.9973375568723896,16012.0,0.9970161660677692,0.9975022168297584,31293.84012365341,555.3548219203949,74.77611422538756,32074.77069282532
0,15.0,3.0,90.0,1.0,1.0,1.0,9339.0,1.0,1.0,1.0,1.0,1.0,209.0,1.0,1.0,1.0,1.0,1.0,215.0,1.0,1.0,1.0,1.0,1.0,99.0,1.0,1.0,1.0,1.0,1.0,20.0,1.0,1.0,1.0,1.0,1.0,9.0,1.0,1.0,1.0,1.0,1.0,6121.0,1.0,1.0,1.0,1.0,1.0,16012.0,1.0,1.0,31524.105779170986,557.2447965145111,52.075069189071655,32488.173277139664
0,15.0,2.0,93.0,0.9998929336188436,1.0,0.999946463943466,9339.0,0.9999250711823768,0.99993754683987,1.0,1.0,1.0,209.0,1.0,1.0,1.0,1.0,1.0,216.0,1.0,1.0,1.0,1.0,1.0,99.0,1.0,1.0,1.0,1.0,1.0,19.0,1.0,1.0,1.0,1.0,1.0,8.0,1.0,1.0,1.0,1.0,1.0,6122.0,1.0,1.0,0.999937553526504,1.0,0.9999687750916829,16012.0,0.9999562977624415,0.999963574190454,32127.1531791687,334.90079212188715,49.6957905292511,32687.79587554932
0,5.0,2.0,103.0,1.0,1.0,1.0,9339.0,1.0,1.0,1.0,1.0,1.0,209.0,1.0,1.0,1.0,1.0,1.0,216.0,1.0,1.0,1.0,1.0,1.0,99.0,1.0,1.0,1.0,1.0,1.0,19.0,1.0,1.0,1.0,1.0,1.0,9.0,1.0,1.0,1.0,1.0,1.0,6122.0,1.0,1.0,1.0,1.0,1.0,16013.0,1.0,1.0,32408.714571952816,297.7254898548126,36.226101636886604,32906.807070970535
0,14.0,3.0,96.0,1.0,1.0,1.0,9339.0,1.0,1.0,1.0,1.0,1.0,208.0,1.0,1.0,1.0,1.0,1.0,215.0,1.0,1.0,1.0,1.0,1.0,100.0,1.0,1.0,1.0,1.0,1.0,19.0,1.0,1.0,1.0,1.0,1.0,9.0,1.0,1.0,1.0,1.0,1.0,6122.0,1.0,1.0,1.0,1.0,1.0,16012.0,1.0,1.0,32531.614617824554,207.879296541214,39.21131706237793,33006.06817436218
0,19.0,2.0,100.0,0.996686972320188,0.9986079880072812,0.9976465554129226,9339.0,0.99698085251683,0.9972518893260884,1.0,0.9952153110047848,0.9976019184652278,209.0,0.9976076555023924,0.9999375429392292,1.0,1.0,1.0,215.0,1.0,1.0,1.0,1.0,1.0,99.0,1.0,1.0,1.0,0.6842105263157895,0.8125000000000001,19.0,0.8421052631578947,0.9996252576353756,1.0,1.0,1.0,9.0,1.0,1.0,0.9978705978705978,0.9952622120568536,0.9965646981841976,6121.0,0.9969738765036542,0.9973768034476298,0.9972534859823976,0.9969396040222348,0.997060146121166,16011.0,0.99686348633649,0.9973929570100962,29215.27692866325,257.5902292728424,36.52893161773681,29671.903251886368
0,8.0,3.0,94.0,0.9980752780153976,0.9994646107720312,0.998769461238029,9339.0,0.998383586668797,0.9985635773170124,1.0,1.0,1.0,209.0,1.0,1.0,1.0,1.0,1.0,215.0,1.0,1.0,1.0,1.0,1.0,99.0,1.0,1.0,1.0,0.9473684210526316,0.972972972972973,19.0,0.9736842105263156,0.99993754683987,1.0,1.0,1.0,9.0,1.0,1.0,0.9991816693944352,0.9972231296961778,0.9982014388489208,6122.0,0.998358784261638,0.9986260304771422,0.9985645266936382,0.9985635773170124,0.9985625589321466,16012.0,0.9983985006963304,0.9986368111750312,30299.644328594208,271.82060480117804,33.013094663619995,30770.616826057438
0,1.0,2.0,87.0,0.9995718261614216,0.9998929221544064,0.9997323483753549,9339.0,0.999646790714602,0.9996877537001186,1.0,1.0,1.0,209.0,1.0,1.0,1.0,1.0,1.0,215.0,1.0,1.0,1.0,1.0,1.0,100.0,1.0,1.0,1.0,1.0,1.0,19.0,1.0,1.0,1.0,1.0,1.0,9.0,1.0,1.0,0.9998366013071897,0.9995099640640314,0.9996732560039208,6122.0,0.9997044310260508,0.9997502029600948,0.9996878135092818,0.9997502029600948,0.9997189829971548,16013.0,0.9996810032614221,0.9997223927013744,13665.59102964401,254.20068073272702,35.153430938720696,14084.42565369606
0,14.0,5.0,79.0,0.9945611602858055,0.9986079880072812,0.9965804659115196,9339.0,0.9954820515575976,0.996002748110674,1.0,0.9952153110047848,0.9976019184652278,209.0,0.9976076555023924,0.9999375429392292,1.0,1.0,1.0,215.0,1.0,1.0,1.0,1.0,1.0,99.0,1.0,1.0,1.0,0.8421052631578947,0.9142857142857144,19.0,0.9210526315789472,0.9998126288176878,1.0,1.0,1.0,9.0,1.0,1.0,0.9978635990139688,0.9919947720960628,0.9949205308864494,6121.0,0.9953401565232588,0.9961276622322154,0.9960108528807472,0.9958778339891324,0.9959305333979326,16011.0,0.9954583709684136,0.996187025891625,28962.964530944824,1539.131231546402,76.85822653770447,31391.46391105652
0,3.0,1.0,102.0,0.9998929336188436,1.0,0.999946463943466,9339.0,0.9999250824093496,0.9999375507400238,1.0,1.0,1.0,209.0,1.0,1.0,1.0,1.0,1.0,216.0,1.0,1.0,1.0,1.0,1.0,99.0,1.0,1.0,1.0,1.0,1.0,19.0,1.0,1.0,1.0,1.0,1.0,9.0,1.0,1.0,1.0,0.9998366546880104,0.9999183206730377,6122.0,0.9999183273440052,0.9999375507400238,0.99993755742624,0.9999375507400238,0.9999375498612604,16013.0,0.9999250824093496,0.9999397034903832,32581.89794945717,434.7625563144684,39.43431496620178,33234.66457700729
0,18.0,1.0,98.0,1.0,1.0,1.0,9340.0,1.0,1.0,1.0,1.0,1.0,208.0,1.0,1.0,1.0,1.0,1.0,215.0,1.0,1.0,1.0,1.0,1.0,100.0,1.0,1.0,1.0,1.0,1.0,19.0,1.0,1.0,1.0,1.0,1.0,9.0,1.0,1.0,1.0,1.0,1.0,6122.0,1.0,1.0,1.0,1.0,1.0,16013.0,1.0,1.0,29314.10990715027,221.79594159126282,35.110592603683465,29723.87314295769
0,12.0,3.0,88.0,1.0,1.0,1.0,9339.0,1.0,1.0,1.0,1.0,1.0,209.0,1.0,1.0,1.0,1.0,1.0,215.0,1.0,1.0,1.0,1.0,1.0,99.0,1.0,1.0,1.0,1.0,1.0,19.0,1.0,1.0,1.0,1.0,1.0,9.0,1.0,1.0,1.0,1.0,1.0,6122.0,1.0,1.0,1.0,1.0,1.0,16012.0,1.0,1.0,31620.966294050213,764.7906074523926,42.96725058555603,32713.78234863281
0,14.0,1.0,93.0,1.0,1.0,1.0,9340.0,1.0,1.0,1.0,1.0,1.0,209.0,1.0,1.0,1.0,1.0,1.0,216.0,1.0,1.0,1.0,1.0,1.0,99.0,1.0,1.0,1.0,1.0,1.0,20.0,1.0,1.0,1.0,1.0,1.0,9.0,1.0,1.0,1.0,1.0,1.0,6122.0,1.0,1.0,1.0,1.0,1.0,16015.0,1.0,1.0,32015.675263881683,489.96519231796265,37.26458859443665,32764.80742168426
0,7.0,4.0,88.0,1.0,1.0,1.0,9339.0,1.0,1.0,1.0,1.0,1.0,208.0,1.0,1.0,1.0,1.0,1.0,215.0,1.0,1.0,1.0,1.0,1.0,99.0,1.0,1.0,1.0,1.0,1.0,19.0,1.0,1.0,1.0,1.0,1.0,9.0,1.0,1.0,1.0,1.0,1.0,6122.0,1.0,1.0,1.0,1.0,1.0,16011.0,1.0,1.0,31880.47165131569,525.2198965549469,40.308807134628296,32669.051987886432
0,19.0,3.0,84.0,1.0,1.0,1.0,9339.0,1.0,1.0,1.0,1.0,1.0,209.0,1.0,1.0,1.0,1.0,1.0,215.0,1.0,1.0,1.0,1.0,1.0,99.0,1.0,1.0,1.0,1.0,1.0,19.0,1.0,1.0,1.0,1.0,1.0,8.0,1.0,1.0,1.0,1.0,1.0,6122.0,1.0,1.0,1.0,1.0,1.0,16011.0,1.0,1.0,27935.722584247593,900.648951292038,49.20701670646668,29086.69291496277
0,6.0,2.0,82.0,0.9998929221544064,0.9998929221544064,0.9998929221544064,9339.0,0.9998715097955362,0.9998750780762024,1.0,1.0,1.0,209.0,1.0,1.0,1.0,1.0,1.0,215.0,1.0,1.0,1.0,1.0,1.0,99.0,1.0,1.0,1.0,1.0,1.0,19.0,1.0,1.0,1.0,1.0,1.0,8.0,1.0,1.0,0.9998366546880104,1.0,0.9999183206730377,6121.0,0.9999494387703508,0.9999375390381012,0.9998750882789076,0.9999375390381012,0.9999063111080364,16010.0,0.9999057179696332,0.9999032498816909,29558.163925886158,1534.2780802249908,80.04596471786498,31835.787166595463
0,19.0,4.0,96.0,0.999785890161653,1.0,0.9998929336188436,9339.0,0.9998501648186994,0.9998751014800474,1.0,1.0,1.0,209.0,1.0,1.0,1.0,1.0,1.0,216.0,1.0,1.0,1.0,1.0,1.0,99.0,1.0,1.0,1.0,1.0,1.0,19.0,1.0,1.0,1.0,1.0,1.0,9.0,1.0,1.0,1.0,0.9996733093760211,0.9998366280019604,6122.0,0.9998366546880104,0.9998751014800474,0.9998751282220494,0.9998751014800474,0.9998750979638034,16013.0,0.9998501648186994,0.9998794069807664,29114.449884414676,291.28530526161194,37.551404237747185,29613.413837909702
0,5.0,1.0,84.0,1.0,1.0,1.0,9339.0,1.0,1.0,1.0,1.0,1.0,209.0,1.0,1.0,1.0,1.0,1.0,215.0,1.0,1.0,1.0,1.0,1.0,99.0,1.0,1.0,1.0,1.0,1.0,20.0,1.0,1.0,1.0,1.0,1.0,9.0,1.0,1.0,1.0,1.0,1.0,6121.0,1.0,1.0,1.0,1.0,1.0,16012.0,1.0,1.0,31533.372505426407,673.7902879714967,65.93294882774353,32488.5446703434
0,5.0,5.0,88.0,0.9967958987504004,0.9992505353319058,0.9980217077474202,9340.0,0.9973770662271041,0.9976892330751936,1.0,1.0,1.0,208.0,1.0,1.0,1.0,1.0,1.0,215.0,1.0,1.0,1.0,1.0,1.0,99.0,1.0,1.0,1.0,0.8421052631578947,0.9142857142857144,19.0,0.9210526315789472,0.9998126405196104,1.0,1.0,1.0,9.0,1.0,1.0,0.998852270864076,0.9950996406403136,0.9969724245151788,6122.0,0.9971959274991256,0.9976892330751936,0.9976921868947424,0.997501873594804,0.9975867700358642,16012.0,0.9973042259999249,0.9977683838357804,31915.684493064884,499.01830649375916,47.926255226135254,32704.080184698105
0,10.0,4.0,85.0,1.0,1.0,1.0,9339.0,1.0,1.0,1.0,1.0,1.0,209.0,1.0,1.0,1.0,1.0,1.0,215.0,1.0,1.0,1.0,1.0,1.0,99.0,1.0,1.0,1.0,1.0,1.0,20.0,1.0,1.0,1.0,1.0,1.0,9.0,1.0,1.0,1.0,1.0,1.0,6122.0,1.0,1.0,1.0,1.0,1.0,16013.0,1.0,1.0,29888.06611084938,359.07240056991577,57.61649203300476,30574.67661714554
0,5.0,4.0,95.0,1.0,1.0,1.0,9339.0,1.0,1.0,1.0,1.0,1.0,209.0,1.0,1.0,1.0,1.0,1.0,215.0,1.0,1.0,1.0,1.0,1.0,100.0,1.0,1.0,1.0,1.0,1.0,19.0,1.0,1.0,1.0,1.0,1.0,8.0,1.0,1.0,1.0,1.0,1.0,6121.0,1.0,1.0,1.0,1.0,1.0,16011.0,1.0,1.0,32060.72085833549,480.7351887226105,38.21017336845397,32795.88980221748
0,1.0,1.0,100.0,0.9998929336188436,1.0,0.999946463943466,9339.0,0.9999250711823768,0.99993754683987,1.0,1.0,1.0,209.0,1.0,1.0,1.0,1.0,1.0,216.0,1.0,1.0,1.0,1.0,1.0,99.0,1.0,1.0,1.0,1.0,1.0,19.0,1.0,1.0,1.0,1.0,1.0,9.0,1.0,1.0,1.0,0.9998366280019604,0.9999183073278328,6121.0,0.9999183140009802,0.99993754683987,0.999937553526504,0.99993754683987,0.9999375459606352,16012.0,0.9999250711823768,0.99993969985913,14094.485548734663,162.9656181335449,37.97429752349853,14470.052053928377
0,13.0,2.0,90.0,1.0,1.0,1.0,9339.0,1.0,1.0,1.0,1.0,1.0,209.0,1.0,1.0,1.0,1.0,1.0,216.0,1.0,1.0,1.0,1.0,1.0,99.0,1.0,1.0,1.0,1.0,1.0,20.0,1.0,1.0,1.0,1.0,1.0,9.0,1.0,1.0,1.0,1.0,1.0,6121.0,1.0,1.0,1.0,1.0,1.0,16013.0,1.0,1.0,31642.14476490021,745.4258630275726,42.154037714004524,32707.033529043198
0,11.0,5.0,86.0,0.998395550326238,0.9994646107720312,0.998929794520548,9339.0,0.9986083731216668,0.998750936797402,1.0,1.0,1.0,208.0,1.0,1.0,1.0,1.0,1.0,216.0,1.0,1.0,1.0,1.0,1.0,99.0,1.0,1.0,1.0,0.95,0.9743589743589745,20.0,0.975,0.99993754683987,1.0,1.0,1.0,9.0,1.0,1.0,0.999182204775924,0.9980395360235256,0.9986105435226807,6121.0,0.9987670129819376,0.9989382962777916,0.9987515813096532,0.9988758431176618,0.9988126197487452,16012.0,0.998685765865956,0.9988655421686295,31225.23606657982,846.8148696422577,64.56749749183655,32594.31120038032
0,11.0,1.0,78.0,1.0,1.0,1.0,9339.0,1.0,1.0,1.0,1.0,1.0,209.0,1.0,1.0,1.0,1.0,1.0,215.0,1.0,1.0,1.0,1.0,1.0,99.0,1.0,1.0,1.0,1.0,1.0,19.0,1.0,1.0,1.0,1.0,1.0,9.0,1.0,1.0,1.0,1.0,1.0,6122.0,1.0,1.0,1.0,1.0,1.0,16012.0,1.0,1.0,27506.925100803375,1599.4145331382751,75.5487198829651,29797.137634992596
0,9.0,3.0,88.0,0.9980761008978196,0.9997858672376874,0.9989302524604192,9340.0,0.998544214901625,0.9987510148004746,1.0,1.0,1.0,209.0,1.0,1.0,1.0,1.0,1.0,215.0,1.0,1.0,1.0,1.0,1.0,99.0,1.0,1.0,1.0,0.9473684210526316,0.972972972972973,19.0,0.9736842105263156,0.9999375507400238,1.0,1.0,1.0,9.0,1.0,1.0,0.9998361730013108,0.9968964390721986,0.9983641419924748,6122.0,0.9983976685301342,0.9987510148004746,0.9988152022419072,0.998626116280522,0.9987185612780074,16013.0,0.9985070563868521,0.998793917711172,30053.1999835968,326.1121952533722,40.173293828964226,30654.96298670769
0,19.0,1.0,101.0,0.9998929336188436,1.0,0.999946463943466,9339.0,0.9999250711823768,0.99993754683987,1.0,1.0,1.0,208.0,1.0,1.0,1.0,1.0,1.0,215.0,1.0,1.0,1.0,1.0,1.0,99.0,1.0,1.0,1.0,1.0,1.0,20.0,1.0,1.0,1.0,1.0,1.0,9.0,1.0,1.0,1.0,0.9998366546880104,0.9999183206730377,6122.0,0.9999183273440052,0.99993754683987,0.999937553526504,0.99993754683987,0.999937545961052,16012.0,0.9999250711823768,0.9999396959587328,29334.78299689293,202.54574012756348,37.707959413528435,29740.07163906097
0,20.0,5.0,82.0,0.9998929221544064,0.9998929221544064,0.9998929221544064,9339.0,0.9998715210292414,0.9998750858784584,1.0,1.0,1.0,209.0,1.0,1.0,1.0,1.0,1.0,215.0,1.0,1.0,1.0,1.0,1.0,99.0,1.0,1.0,1.0,1.0,1.0,19.0,1.0,1.0,1.0,1.0,1.0,9.0,1.0,1.0,0.9998366546880104,1.0,0.9999183206730377,6121.0,0.9999494438827098,0.9999375429392292,0.9998750960805266,0.9999375429392292,0.9999063169595692,16011.0,0.9999057323651334,0.9999032619667696,26681.956437826164,1150.1088135242462,104.95674777030943,28837.308057069782
0,11.0,4.0,96.0,1.0,1.0,1.0,9339.0,1.0,1.0,1.0,1.0,1.0,209.0,1.0,1.0,1.0,1.0,1.0,215.0,1.0,1.0,1.0,1.0,1.0,100.0,1.0,1.0,1.0,1.0,1.0,19.0,1.0,1.0,1.0,1.0,1.0,9.0,1.0,1.0,1.0,1.0,1.0,6122.0,1.0,1.0,1.0,1.0,1.0,16013.0,1.0,1.0,32447.443990945816,272.6676607131958,54.61227464675903,32980.192816257484
0,16.0,1.0,90.0,1.0,1.0,1.0,9339.0,1.0,1.0,1.0,1.0,1.0,209.0,1.0,1.0,1.0,1.0,1.0,216.0,1.0,1.0,1.0,1.0,1.0,99.0,1.0,1.0,1.0,1.0,1.0,19.0,1.0,1.0,1.0,1.0,1.0,9.0,1.0,1.0,1.0,1.0,1.0,6121.0,1.0,1.0,1.0,1.0,1.0,16012.0,1.0,1.0,31455.04926371574,649.8947236537932,47.99756407737732,32495.802648305893
0,16.0,2.0,90.0,1.0,1.0,1.0,9339.0,1.0,1.0,1.0,1.0,1.0,209.0,1.0,1.0,1.0,1.0,1.0,215.0,1.0,1.0,1.0,1.0,1.0,99.0,1.0,1.0,1.0,1.0,1.0,19.0,1.0,1.0,1.0,1.0,1.0,9.0,1.0,1.0,1.0,1.0,1.0,6122.0,1.0,1.0,1.0,1.0,1.0,16012.0,1.0,1.0,31792.820489645004,490.8424482345581,35.273751020431526,32559.377499580387
0,17.0,3.0,92.0,1.0,1.0,1.0,9339.0,1.0,1.0,1.0,1.0,1.0,209.0,1.0,1.0,1.0,1.0,1.0,216.0,1.0,1.0,1.0,1.0,1.0,99.0,1.0,1.0,1.0,1.0,1.0,19.0,1.0,1.0,1.0,1.0,1.0,9.0,1.0,1.0,1.0,1.0,1.0,6122.0,1.0,1.0,1.0,1.0,1.0,16013.0,1.0,1.0,31947.562912940983,440.1572251319885,33.894695043563836,32595.966593027115
0,16.0,3.0,92.0,1.0,1.0,1.0,9340.0,1.0,1.0,1.0,1.0,1.0,209.0,1.0,1.0,1.0,1.0,1.0,215.0,1.0,1.0,1.0,1.0,1.0,100.0,1.0,1.0,1.0,1.0,1.0,19.0,1.0,1.0,1.0,1.0,1.0,9.0,1.0,1.0,1.0,1.0,1.0,6121.0,1.0,1.0,1.0,1.0,1.0,16013.0,1.0,1.0,31929.966678857803,442.72489166259766,36.69980978965759,32613.245459795
0,20.0,4.0,95.0,0.9998929336188436,1.0,0.999946463943466,9339.0,0.9999250711823768,0.99993754683987,1.0,1.0,1.0,209.0,1.0,1.0,1.0,1.0,1.0,216.0,1.0,1.0,1.0,1.0,1.0,99.0,1.0,1.0,1.0,1.0,1.0,19.0,1.0,1.0,1.0,1.0,1.0,8.0,1.0,1.0,1.0,1.0,1.0,6122.0,1.0,1.0,0.999937553526504,1.0,0.9999687750916829,16012.0,0.9999562977624415,0.999963574190454,29136.81972503662,264.87373971939087,35.3480463027954,29606.82372951508
0,18.0,3.0,87.0,0.9964766175528508,0.9993575329264376,0.9979149959903768,9339.0,0.9972061154816512,0.9975643267549338,1.0,1.0,1.0,209.0,1.0,1.0,1.0,1.0,1.0,215.0,1.0,1.0,1.0,1.0,1.0,99.0,1.0,1.0,1.0,0.8947368421052632,0.9444444444444444,19.0,0.9473684210526316,0.99987509367974,1.0,1.0,1.0,9.0,1.0,1.0,0.998688309558944,0.994936295328324,0.9968087717862696,6122.0,0.9970636987258404,0.9975643267549338,0.997443477544712,0.9975643267549338,0.9974978699022056,16012.0,0.9971853532402408,0.99764799417549,28074.452419281006,817.962783575058,42.98478603363037,29123.477194786068
0,6.0,1.0,87.0,0.9991438356164384,0.9996787664632188,0.9994112294599368,9339.0,0.9992398628479164,0.9993129723315219,1.0,1.0,1.0,209.0,1.0,1.0,1.0,1.0,1.0,215.0,1.0,1.0,1.0,1.0,1.0,99.0,1.0,1.0,1.0,1.0,1.0,19.0,1.0,1.0,1.0,1.0,1.0,9.0,1.0,1.0,0.9991828730184672,0.9988563960137232,0.9990196078431374,6121.0,0.9991754174204106,0.9992505152707514,0.9991882235068362,0.9993754293922928,0.9992817745009178,16011.0,0.9992413846210121,0.9993127382784558,31898.67950034141,482.48357820510864,43.193196296691895,32681.45369887352
0,17.0,2.0,77.0,1.0,1.0,1.0,9340.0,1.0,1.0,1.0,1.0,1.0,208.0,1.0,1.0,1.0,1.0,1.0,215.0,1.0,1.0,1.0,1.0,1.0,100.0,1.0,1.0,1.0,1.0,1.0,19.0,1.0,1.0,1.0,1.0,1.0,9.0,1.0,1.0,1.0,1.0,1.0,6122.0,1.0,1.0,1.0,1.0,1.0,16013.0,1.0,1.0,27457.83791565895,1910.139705657959,259.357439994812,30833.055781126026
0,6.0,5.0,95.0,0.9997859130807109,1.0,0.9998929450808264,9340.0,0.9998501423647536,0.9998751014800474,1.0,1.0,1.0,208.0,1.0,1.0,1.0,1.0,1.0,215.0,1.0,1.0,1.0,1.0,1.0,99.0,1.0,1.0,1.0,1.0,1.0,20.0,1.0,1.0,1.0,1.0,1.0,9.0,1.0,1.0,1.0,1.0,1.0,6122.0,1.0,1.0,0.9998751282191868,1.0,0.999937557425524,16013.0,0.9999125916247298,0.9999271496798628,32132.946580886837,418.94984102249146,35.8944330215454,32789.272771596916
0,4.0,3.0,91.0,0.999785890161653,1.0,0.9998929336188436,9339.0,0.9998501199040768,0.9998750858784584,1.0,1.0,1.0,209.0,1.0,1.0,1.0,1.0,1.0,215.0,1.0,1.0,1.0,1.0,1.0,99.0,1.0,1.0,1.0,1.0,1.0,19.0,1.0,1.0,1.0,1.0,1.0,9.0,1.0,1.0,1.0,1.0,1.0,6121.0,1.0,1.0,0.9998751126238008,1.0,0.9999375496262808,16011.0,0.9999125769648476,0.9999271392804274,32212.724012851715,419.89251804351807,43.00462579727173,32996.04168009758
0,17.0,5.0,103.0,0.9975416844805473,0.9993575329264376,0.9984487830970848,9339.0,0.9979551453601012,0.9981887452376492,1.0,1.0,1.0,209.0,1.0,1.0,1.0,1.0,1.0,215.0,1.0,1.0,1.0,1.0,1.0,99.0,1.0,1.0,1.0,0.7894736842105263,0.8823529411764706,19.0,0.8947368421052632,0.9997501717569172,1.0,1.0,1.0,8.0,1.0,1.0,0.9988539620170268,0.9965697484482196,0.997710547833197,6122.0,0.997930945616566,0.9982512022984198,0.9981278962483336,0.9980638311161076,0.9980801864381276,16011.0,0.9978912217589532,0.998274549091794,32581.727354764935,172.909029006958,38.085586309432976,32955.12146496773
0,9.0,5.0,85.0,1.0,1.0,1.0,9339.0,1.0,1.0,1.0,1.0,1.0,209.0,1.0,1.0,1.0,1.0,1.0,215.0,1.0,1.0,1.0,1.0,1.0,100.0,1.0,1.0,1.0,1.0,1.0,19.0,1.0,1.0,1.0,1.0,1.0,8.0,1.0,1.0,1.0,1.0,1.0,6122.0,1.0,1.0,1.0,1.0,1.0,16012.0,1.0,1.0,29819.228340148926,412.4443328380585,59.045838117599494,30550.881241083145
