,Rep,Kfold,Num_Vars_,Precision_label_background,Recall_label_background,F1_score_label_background,Num_Obs_label_background,AUC_label_background,Precision_label_dos,Recall_label_dos,F1_score_label_dos,Num_Obs_label_dos,AUC_label_dos,Precision_label_backdoor,Recall_label_backdoor,F1_score_label_backdoor,Num_Obs_label_backdoor,AUC_label_backdoor,Precision_label_exploit,Recall_label_exploit,F1_score_label_exploit,Num_Obs_label_exploit,AUC_label_exploit,Precision_label_fuzzer,Recall_label_fuzzer,F1_score_label_fuzzer,Num_Obs_label_fuzzer,AUC_label_fuzzer,Precision_label_generic,Recall_label_generic,F1_score_label_generic,Num_Obs_label_generic,AUC_label_generic,Precision_label_reconnaissance,Recall_label_reconnaissance,F1_score_label_reconnaissance,Num_Obs_label_reconnaissance,AUC_label_reconnaissance,Precision_label_shellcode,Recall_label_shellcode,F1_score_label_shellcode,Num_Obs_label_shellcode,AUC_label_shellcode,Precision_label_analysis,Recall_label_analysis,F1_score_label_analysis,Num_Obs_label_analysis,AUC_label_analysis,Precision_w,Recall_w,F1_score_w,Total_Obs,AUC_w,Time
0,2.0,5.0,66.0,0.9774604267033724,0.9977168949771691,0.987484790544064,5694.0,0.9925041595568811,1.0,1.0,1.0,281.0,1.0,1.0,1.0,1.0,13.0,1.0,0.9002659574468085,0.5020393029291805,0.6446084265651035,2697.0,0.7453826728851087,0.9023255813953488,0.16033057851239668,0.272280701754386,1210.0,0.5794554460977344,0.996832658806968,0.9884836852207294,0.9926406167864028,5731.0,0.99336558908101,1.0,1.0,1.0,353.0,1.0,1.0,1.0,1.0,11.0,1.0,1.0,1.0,1.0,12.0,1.0,0.9666503485810618,0.8476440444944382,0.8779858984957921,16002.0,0.920243409204446,51815.52372574807
0,16.0,5.0,67.0,0.9897319874695442,0.9987706357569373,0.9942307692307694,5694.0,0.9965231853471792,1.0,1.0,1.0,281.0,1.0,1.0,1.0,1.0,13.0,1.0,0.8573959255978743,0.3589173155357805,0.5060115002613695,2697.0,0.6734078459819612,0.9063829787234042,0.1761786600496278,0.2950138504155125,1209.0,0.5873456848111849,0.9957664491091904,0.9848220516399162,0.990264011928778,5732.0,0.9912424602342146,1.0,1.0,1.0,353.0,1.0,1.0,1.0,1.0,10.0,1.0,1.0,1.0,1.0,12.0,1.0,0.9637198334828776,0.8238235110305606,0.857929384271797,16001.0,0.909398580899908,52553.77723383904
0,4.0,4.0,63.0,0.9842533310261292,0.9987708516242316,0.9914589506710824,5695.0,0.9949705218726629,1.0,1.0,1.0,281.0,1.0,1.0,1.0,1.0,13.0,1.0,0.8965053763440859,0.4946236559139785,0.6375149342891279,2697.0,0.7415240949443614,0.8958333333333334,0.17783291976840365,0.2967563837129054,1209.0,0.588071408505078,0.9966513923158266,0.986738789042052,0.9916703200350724,5731.0,0.99244437017828,1.0,1.0,1.0,353.0,1.0,1.0,1.0,1.0,11.0,1.0,1.0,1.0,1.0,11.0,1.0,0.9678813417633778,0.8475095306543341,0.879743614391569,16001.0,0.920812738235368,51439.22533154488
0,13.0,5.0,67.0,0.9726168064350504,0.9980681419037584,0.9851781225621912,5694.0,0.9912716024869074,1.0,1.0,1.0,281.0,1.0,1.0,1.0,1.0,13.0,1.0,0.8947019867549669,0.5009269558769003,0.6422628951747089,2697.0,0.7444873823209203,0.8982300884955752,0.16790736145574855,0.2829268292682927,1209.0,0.5831761808968959,0.996834886583436,0.9891816436922004,0.9929935190050796,5731.0,0.9937143976567926,1.0,1.0,1.0,353.0,1.0,1.0,1.0,1.0,11.0,1.0,1.0,1.0,1.0,11.0,1.0,0.9636820166325091,0.8484375,0.877730728259924,16000.0,0.9200762618972124,51110.990715026855
0,9.0,4.0,65.0,0.9736075407026564,0.9977168949771691,0.9855147887934774,5694.0,0.9913863465667018,1.0,1.0,1.0,281.0,1.0,1.0,1.0,1.0,12.0,1.0,0.9001314060446779,0.5079718205413423,0.6494429959706092,2697.0,0.7482724837182729,0.9,0.15619834710743802,0.2661971830985915,1210.0,0.5773891864011055,0.9971830985915492,0.9883091956028616,0.9927263167119448,5731.0,0.9933754782065728,1.0,1.0,1.0,353.0,1.0,1.0,1.0,1.0,10.0,1.0,1.0,1.0,1.0,11.0,1.0,0.9651998297950868,0.8482405150321896,0.8776474829769514,15999.0,0.9201650432580905,52475.26763534546
0,12.0,2.0,65.0,0.9921534437663471,0.9991220368744512,0.9956255468066492,5695.0,0.9973778241814524,1.0,1.0,1.0,281.0,1.0,1.0,1.0,1.0,13.0,1.0,0.8994252873563219,0.46421950315165006,0.6123746637319638,2697.0,0.7268481761097998,0.8935185185185185,0.15963606286186932,0.27087719298245616,1209.0,0.5790405841621408,0.9961253962662908,0.9869132786599196,0.9914979402226312,5731.0,0.9923855585120436,1.0,1.0,1.0,353.0,1.0,1.0,1.0,1.0,10.0,1.0,1.0,1.0,1.0,12.0,1.0,0.9708219734479312,0.8411974251609274,0.8749720129292334,16001.0,0.9184924655812792,40633.87671661377
0,7.0,5.0,71.0,0.9919762776905634,0.998595258999122,0.9952747637381868,5695.0,0.9970652699926214,1.0,1.0,1.0,280.0,1.0,1.0,1.0,1.0,13.0,1.0,0.8859957776213934,0.4668149796069707,0.6114618746964545,2697.0,0.7273177221168452,0.9012875536480688,0.17369727047146402,0.2912621359223301,1209.0,0.5860710302590603,0.9961212976022568,0.9858663409527132,0.9909672893098308,5731.0,0.9918617766904406,1.0,1.0,1.0,352.0,1.0,1.0,1.0,1.0,10.0,1.0,1.0,1.0,1.0,11.0,1.0,0.9690750920497376,0.8421052631578947,0.8760202470877639,15998.0,0.9187887440275802,51220.540428876884
0,4.0,1.0,71.0,0.9899060215802298,0.9989462592202318,0.9944055944055944,5694.0,0.996658961730446,1.0,1.0,1.0,281.0,1.0,1.0,1.0,1.0,13.0,1.0,0.9026297085998578,0.4710682492581602,0.6190592249573483,2696.0,0.7303849101661769,0.8888888888888888,0.1652892561983471,0.2787456445993032,1210.0,0.5817994052984432,0.9957664491091904,0.9849938928633746,0.9903508771929824,5731.0,0.9913282670394006,1.0,1.0,1.0,353.0,1.0,1.0,1.0,1.0,10.0,1.0,1.0,1.0,1.0,11.0,1.0,0.970079858532619,0.8419901243827739,0.8758117527463344,15999.0,0.9186432542480838,52239.30123114586
0,10.0,3.0,70.0,0.98526863084922,0.9984193888303478,0.9918004187020236,5694.0,0.9950858830431576,1.0,1.0,1.0,281.0,1.0,1.0,1.0,1.0,12.0,1.0,0.8857729138166894,0.4801631442343344,0.6227458523683578,2697.0,0.7338047924434095,0.8990825688073395,0.16198347107438016,0.27450980392156865,1210.0,0.5802479897630184,0.9961315280464216,0.98831123517097,0.9922059725019704,5732.0,0.9930843281425554,1.0,1.0,1.0,352.0,1.0,1.0,1.0,1.0,11.0,1.0,1.0,1.0,1.0,11.0,1.0,0.9664853099773776,0.84425,0.8758336653158236,16000.0,0.9191593737371244,53455.95801591873
0,13.0,4.0,68.0,0.9899060215802298,0.9989462592202318,0.9944055944055944,5694.0,0.9966584154491921,1.0,1.0,1.0,280.0,1.0,1.0,1.0,1.0,13.0,1.0,0.7981790591805766,0.19503151649981465,0.3134684147794994,2697.0,0.5925157582499073,0.9078947368421052,0.17121588089330025,0.28810020876826725,1209.0,0.5848979052830039,0.9968276348255201,0.9869132786599196,0.9918456817185444,5731.0,0.992579959026044,1.0,1.0,1.0,352.0,1.0,1.0,1.0,1.0,10.0,1.0,1.0,1.0,1.0,11.0,1.0,0.9542837858045259,0.7965868600362568,0.8255391963202836,15997.0,0.8960808482986253,52184.085909605026
0,3.0,2.0,69.0,0.9739458347617416,0.9978925184404636,0.9857737682165164,5694.0,0.9915719141785084,1.0,1.0,1.0,281.0,1.0,1.0,1.0,1.0,13.0,1.0,0.909899229401304,0.5691509084167594,0.7002737226277371,2697.0,0.7788624571400492,0.9058295964125559,0.1669421487603306,0.2819260293091417,1210.0,0.5827611352320923,0.9978906661979258,0.9905775606351422,0.9942206654991242,5731.0,0.9947044975246994,1.0,1.0,1.0,353.0,1.0,1.0,1.0,1.0,10.0,1.0,1.0,1.0,1.0,11.0,1.0,0.9676631890292612,0.86025,0.8880401997244621,16000.0,0.9262746859490016,52711.636169195175
0,12.0,5.0,66.0,0.9909423445392788,0.9989464442493416,0.9949282966072054,5695.0,0.9969509093578875,1.0,1.0,1.0,281.0,1.0,1.0,1.0,1.0,13.0,1.0,0.7918424753867792,0.20875046347793846,0.3303990610328639,2697.0,0.5988138308671821,0.8923766816143498,0.16446280991735535,0.2777390090718772,1210.0,0.5814202104748002,0.9975378121702428,0.9895324494068388,0.9935190050796988,5732.0,0.9940846941805882,1.0,1.0,1.0,353.0,1.0,1.0,1.0,1.0,11.0,1.0,1.0,1.0,1.0,11.0,1.0,0.9526762689734756,0.7993501218521527,0.8284145507015857,16003.0,0.897534728010973,51520.42623639107
0,2.0,2.0,68.0,0.9813568099430346,0.9984193888303478,0.9898145729955602,5694.0,0.99396901118536,1.0,1.0,1.0,280.0,1.0,1.0,1.0,1.0,13.0,1.0,0.8954838709677421,0.5146459028550241,0.6536378620202496,2697.0,0.7512331837408719,0.9008620689655172,0.1728701406120761,0.2900763358778626,1209.0,0.5856574653293662,0.9961130742049471,0.9837724655383004,0.9899043104205076,5731.0,0.9908148389832342,1.0,1.0,1.0,353.0,1.0,1.0,1.0,1.0,10.0,1.0,1.0,1.0,1.0,11.0,1.0,0.9668603541357356,0.8492936617077135,0.8807169262158768,15998.0,0.9213123617973928,51380.866018533714
0,2.0,4.0,66.0,0.9806763285024156,0.9980684811237928,0.9892959707597252,5695.0,0.9936005126364159,1.0,1.0,1.0,281.0,1.0,1.0,1.0,1.0,12.0,1.0,0.7883310719131614,0.21542454579162032,0.3383808969132207,2697.0,0.601849374519382,0.9106382978723404,0.1768595041322314,0.2961937716262976,1210.0,0.5877198609160921,0.9964844436632097,0.9891816436922004,0.9928196147110332,5731.0,0.9936171120116308,1.0,1.0,1.0,353.0,1.0,1.0,1.0,1.0,11.0,1.0,1.0,1.0,1.0,11.0,1.0,0.9494284906462371,0.8009499406287107,0.8288792892961904,16001.0,0.8971503895500462,51688.65227460861
0,14.0,2.0,66.0,0.9768001374806669,0.9980684811237928,0.98731978461004,5695.0,0.9924833865246292,1.0,1.0,1.0,280.0,1.0,1.0,1.0,1.0,12.0,1.0,0.7979197622585439,0.1991101223581757,0.31869436201780416,2697.0,0.5944430479479949,0.8786407766990292,0.14971050454921422,0.2558303886925795,1209.0,0.5740100866221391,0.997537379067722,0.9895306229279358,0.9935178696566224,5731.0,0.9940835818184672,1.0,1.0,1.0,353.0,1.0,1.0,1.0,1.0,11.0,1.0,1.0,1.0,1.0,11.0,1.0,0.9476235889886824,0.7962997687355459,0.8220797999029705,15999.0,0.8946482273080385,51942.456850528724
0,9.0,1.0,65.0,0.9942358078602621,0.9994732221246708,0.996847635726795,5695.0,0.9981354465790748,1.0,1.0,1.0,281.0,1.0,1.0,1.0,1.0,13.0,1.0,0.8852691218130312,0.4634779384501298,0.6084205402774397,2697.0,0.7256501170864494,0.9054054054054054,0.1662531017369727,0.28092243186582805,1209.0,0.5824166597184626,0.9963047686081296,0.9879602163671262,0.9921149465568602,5731.0,0.9929576132960376,1.0,1.0,1.0,352.0,1.0,1.0,1.0,1.0,11.0,1.0,1.0,1.0,1.0,11.0,1.0,0.9701375944576414,0.8420625,0.8757127163397191,16000.0,0.9190150973405748,49880.52867722512
0,12.0,1.0,69.0,0.9661334240980258,0.9970144011239902,0.9813310285220396,5694.0,0.9888526304086864,1.0,1.0,1.0,280.0,1.0,1.0,1.0,1.0,13.0,1.0,0.8927875243664717,0.5094549499443827,0.6487252124645893,2697.0,0.7485258663124904,0.8898678414096917,0.1669421487603306,0.28114126652748783,1210.0,0.5826259087276975,0.9961260785349534,0.9870877682777874,0.9915863277826468,5731.0,0.9924726990186288,1.0,1.0,1.0,353.0,1.0,1.0,1.0,1.0,11.0,1.0,1.0,1.0,1.0,11.0,1.0,0.9601593946387548,0.848625,0.8767670594651313,16000.0,0.9193837204142576,42033.58449912071
0,20.0,1.0,62.0,0.9833967485299204,0.9985950122936424,0.9909376089229698,5694.0,0.9946409287312216,1.0,1.0,1.0,281.0,1.0,1.0,1.0,1.0,13.0,1.0,0.9060665362035224,0.5150166852057843,0.6567375886524823,2697.0,0.7520968431665901,0.8894009216589862,0.15950413223140494,0.27049754730203224,1210.0,0.5789408167917437,0.9959378311550688,0.9839469551561684,0.9899060826823488,5731.0,0.9908538202905756,1.0,1.0,1.0,353.0,1.0,1.0,1.0,1.0,11.0,1.0,1.0,1.0,1.0,12.0,1.0,0.9684425296729996,0.8484564429446321,0.8801445952937841,16002.0,0.9211968670553162,30468.756216049194
0,2.0,1.0,72.0,0.9656345695814904,0.9968387776606956,0.9809885931558936,5694.0,0.9886173701968074,0.0,0.0,0.0,281.0,0.5,1.0,1.0,1.0,13.0,1.0,0.904603068712475,0.5029673590504451,0.6464839094159714,2696.0,0.7461085479660585,0.8854625550660793,0.16611570247933885,0.2797494780793319,1210.0,0.582178760084679,0.9969964664310954,0.9846449136276392,0.9907821964708979,5731.0,0.9914945616156116,1.0,1.0,1.0,352.0,1.0,1.0,1.0,1.0,10.0,1.0,1.0,1.0,1.0,11.0,1.0,0.9443886456552321,0.8289786223277908,0.8583159961036271,15998.0,0.9097316904324696,51854.08751606941
0,4.0,2.0,70.0,0.9702919583404472,0.9980681419037584,0.9839840706432345,5694.0,0.9905915673128692,1.0,1.0,1.0,280.0,1.0,1.0,1.0,1.0,13.0,1.0,0.8921377517868746,0.5090841675936225,0.6482530689329555,2697.0,0.7483024205882712,0.9009009009009008,0.1654259718775848,0.27952480782669464,1209.0,0.5819692401646206,0.9975365124054196,0.9891816436922004,0.9933415104257928,5731.0,0.9939090922005996,1.0,1.0,1.0,353.0,1.0,1.0,1.0,1.0,11.0,1.0,1.0,1.0,1.0,11.0,1.0,0.9628732338986408,0.849615600975061,0.8781754805967529,15999.0,0.9204508926412092,51938.79935216903
0,8.0,5.0,63.0,0.9856177438918732,0.9987708516242316,0.9921507064364208,5695.0,0.995359426588212,1.0,1.0,1.0,281.0,1.0,1.0,1.0,1.0,13.0,1.0,0.8969986357435198,0.4875787912495365,0.631755945231804,2697.0,0.7381152636542287,0.8906882591093117,0.18196856906534328,0.30219780219780223,1209.0,0.5900717524250604,0.9957731595632264,0.9863921842288904,0.9910604732690622,5732.0,0.992027754075306,1.0,1.0,1.0,353.0,1.0,1.0,1.0,1.0,11.0,1.0,1.0,1.0,1.0,12.0,1.0,0.9677505610163134,0.8465287758545272,0.8792263846204461,16003.0,0.9203879669772462,48822.64543104172
0,5.0,3.0,67.0,0.9949291834236754,0.9991220368744512,0.9970212020325916,5695.0,0.9981540710279496,1.0,1.0,1.0,281.0,1.0,1.0,1.0,1.0,13.0,1.0,0.7795918367346939,0.21253709198813056,0.3340134071699213,2696.0,0.6001806091282255,0.9051724137931034,0.17369727047146402,0.2914642609299097,1209.0,0.5861049900221031,0.9973610133708656,0.9890090718771808,0.9931674842326559,5732.0,0.9937741824475008,1.0,1.0,1.0,353.0,1.0,1.0,1.0,1.0,11.0,1.0,1.0,1.0,1.0,11.0,1.0,0.9529484449942024,0.8006374601587399,0.8307450910812799,16001.0,0.8984744018148657,52193.0074801445
0,18.0,2.0,70.0,0.9786574870912221,0.9985950122936424,0.9885257301808068,5694.0,0.9932821767590264,1.0,1.0,1.0,281.0,1.0,1.0,1.0,1.0,13.0,1.0,0.8012139605462822,0.19577308120133485,0.3146603098927294,2697.0,0.5929632092717437,0.9017094017094016,0.1743801652892562,0.29224376731301943,1210.0,0.5864125828136498,0.9970112517580872,0.9895306229279358,0.9932568526140644,5731.0,0.9939376581046688,1.0,1.0,1.0,353.0,1.0,1.0,1.0,1.0,11.0,1.0,1.0,1.0,1.0,11.0,1.0,0.950396202923862,0.7977626398350103,0.8244656174120468,16001.0,0.8955556798746432,55096.19798564911
0,1.0,3.0,66.0,0.9789800137835976,0.9977172958735732,0.9882598486824942,5695.0,0.9929397657322456,1.0,1.0,1.0,281.0,1.0,1.0,1.0,1.0,13.0,1.0,0.8907619689817937,0.4898034853540971,0.6320574162679425,2697.0,0.7388133482092194,0.8875,0.1761786600496278,0.2939958592132505,1209.0,0.5871766745353602,0.9970022923646624,0.9863921842288904,0.9916688590721742,5732.0,0.9923683581578768,1.0,1.0,1.0,353.0,1.0,1.0,1.0,1.0,10.0,1.0,1.0,1.0,1.0,11.0,1.0,0.9645322697753722,0.8460721204924693,0.8774755067753245,16001.0,0.9195377535428788,55484.249274253845
0,7.0,2.0,67.0,0.9861279694815328,0.9987706357569373,0.9924090393508421,5694.0,0.9955033303008288,1.0,1.0,1.0,281.0,1.0,1.0,1.0,1.0,12.0,1.0,0.8893949251789199,0.5068594734890619,0.6457250826641473,2697.0,0.7470392397894148,0.8888888888888888,0.17866004962779156,0.2975206611570248,1209.0,0.588417184189107,0.9959392655367232,0.9842959343919035,0.9900833698990784,5731.0,0.9910278736924942,1.0,1.0,1.0,353.0,1.0,1.0,1.0,1.0,10.0,1.0,1.0,1.0,1.0,11.0,1.0,0.9665649061690852,0.8487310913864233,0.8809331097786824,15998.0,0.921436299053712,50545.43618655205
0,18.0,5.0,69.0,0.9716093723276894,0.9977168949771691,0.9844900788493198,5694.0,0.9908056678242786,1.0,1.0,1.0,281.0,1.0,1.0,1.0,1.0,13.0,1.0,0.9070072036673216,0.5135335558027437,0.655776515151515,2697.0,0.7514300370715462,0.9008620689655172,0.1728701406120761,0.2900763358778626,1209.0,0.5856576230372442,0.9977136827295112,0.9897069085833916,0.9936941671045716,5732.0,0.9942204812660848,1.0,1.0,1.0,353.0,1.0,1.0,1.0,1.0,11.0,1.0,1.0,1.0,1.0,11.0,1.0,0.9659133344859384,0.8510093119180051,0.8805620290138994,16001.0,0.9214540433374556,53798.511416435234
0,11.0,2.0,67.0,0.9632016279464134,0.9975412715138744,0.98007074454318,5694.0,0.9882397224307214,1.0,1.0,1.0,280.0,1.0,1.0,1.0,1.0,13.0,1.0,0.8868184955141477,0.4766320474777448,0.6200241254523522,2696.0,0.7321510737351133,0.9036144578313252,0.18610421836228289,0.30864197530864196,1209.0,0.5922406404226888,0.9973549638511726,0.9869132786599196,0.9921066479564988,5731.0,0.9927260724100301,1.0,1.0,1.0,353.0,1.0,1.0,1.0,1.0,10.0,1.0,1.0,1.0,1.0,11.0,1.0,0.9595951685179822,0.8447208851659687,0.8737900362089924,15997.0,0.9172500049736392,28004.101833820343
0,6.0,4.0,61.0,0.9788004136504652,0.9973656480505796,0.9879958246346556,5694.0,0.9927142681246688,1.0,1.0,1.0,280.0,1.0,1.0,1.0,1.0,13.0,1.0,0.8887399463806971,0.4916573971078977,0.6330866555263787,2697.0,0.7395885662330708,0.9012345679012346,0.18114143920595527,0.3016528925619834,1209.0,0.5897593057142766,0.996656107004576,0.988134705984994,0.9923771138175764,5731.0,0.993142058359206,1.0,1.0,1.0,352.0,1.0,1.0,1.0,1.0,11.0,1.0,1.0,1.0,1.0,11.0,1.0,0.9650362503156836,0.8472309038629828,0.8783657033266872,15998.0,0.9200463522251298,48893.2408425808
0,17.0,4.0,67.0,0.9899130434782608,0.9994732221246708,0.9946701616426388,5695.0,0.9969227162437829,1.0,1.0,1.0,281.0,1.0,1.0,1.0,1.0,13.0,1.0,0.8958742632612967,0.5072302558398221,0.6477272727272727,2697.0,0.7476394814977824,0.8958333333333334,0.17783291976840365,0.2967563837129054,1209.0,0.588071408505078,0.9957694341618192,0.9856918513348456,0.9907050157839354,5731.0,0.9916774738660596,1.0,1.0,1.0,353.0,1.0,1.0,1.0,1.0,11.0,1.0,1.0,1.0,1.0,11.0,1.0,0.9694734577717516,0.8495094056621462,0.8822621047726341,16001.0,0.9222636389111236,52807.61349964142
0,8.0,1.0,68.0,0.972630858706808,0.9985950122936424,0.9854419410745237,5694.0,0.9915335309915416,1.0,1.0,1.0,280.0,1.0,1.0,1.0,1.0,13.0,1.0,0.8753351206434317,0.4842417500926956,0.6235378371926474,2697.0,0.7351289195542796,0.8982300884955752,0.16790736145574855,0.2829268292682927,1209.0,0.5831760757512023,0.9966490299823632,0.986040830570581,0.9913165511797212,5731.0,0.9920951206519996,1.0,1.0,1.0,353.0,1.0,1.0,1.0,1.0,10.0,1.0,1.0,1.0,1.0,11.0,1.0,0.9603509624748078,0.8446680835104388,0.8740518596564105,15998.0,0.9180017273123856,51333.9452855587
0,16.0,4.0,72.0,0.9806629834254144,0.9975412715138744,0.9890301236287656,5694.0,0.9933374350195742,1.0,1.0,1.0,281.0,1.0,1.0,1.0,1.0,13.0,1.0,0.8941009239516702,0.4664441972562106,0.6130604288499025,2697.0,0.7276222790249784,0.9078947368421052,0.17107438016528925,0.2878998609179416,1210.0,0.584827298932621,0.9971826025708752,0.988134705984994,0.992638036809816,5731.0,0.9932883851249216,1.0,1.0,1.0,353.0,1.0,1.0,1.0,1.0,11.0,1.0,1.0,1.0,1.0,11.0,1.0,0.9672952531988374,0.8422598587588276,0.8743909081443749,16001.0,0.9179199680264496,55147.580027341835
0,13.0,1.0,73.0,0.9912861624259324,0.9987708516242316,0.9950144319076358,5695.0,0.99695988976865,1.0,1.0,1.0,281.0,1.0,1.0,1.0,1.0,13.0,1.0,0.8893470790378006,0.4797923618835743,0.6233140655105972,2697.0,0.7338458239331439,0.8984771573604061,0.1462809917355372,0.2515991471215352,1210.0,0.5724644547644695,0.9963002114164904,0.986738789042052,0.9914964495485228,5731.0,0.9923470987367792,1.0,1.0,1.0,353.0,1.0,1.0,1.0,1.0,11.0,1.0,1.0,1.0,1.0,11.0,1.0,0.9692474465200996,0.8425821772278466,0.8751022587661361,16002.0,0.9189908744222997,52506.82805705071
0,10.0,2.0,70.0,0.9820441988950276,0.9987708516242316,0.9903369025855314,5695.0,0.9943398213098844,1.0,1.0,1.0,280.0,1.0,1.0,1.0,1.0,13.0,1.0,0.898989898989899,0.4619948090470893,0.6103355375949057,2697.0,0.7257358290575194,0.8956521739130435,0.17024793388429751,0.28611111111111104,1210.0,0.584312662770693,0.9963015146178232,0.9870877682777874,0.9916732404242264,5731.0,0.992521488812701,1.0,1.0,1.0,353.0,1.0,1.0,1.0,1.0,11.0,1.0,1.0,1.0,1.0,11.0,1.0,0.9673683257916672,0.8415099056308981,0.8739152172010342,16001.0,0.9176447589316948,53471.14692497253
0,2.0,3.0,70.0,0.9784668389319552,0.9973661106233538,0.9878260869565216,5695.0,0.9926186268234176,1.0,1.0,1.0,281.0,1.0,1.0,1.0,1.0,13.0,1.0,0.8779783393501805,0.4508713385242862,0.5957863792258696,2697.0,0.7190841960210126,0.8854625550660793,0.1662531017369727,0.2799442896935933,1209.0,0.5822476974341976,0.9961274423516988,0.987264480111654,0.9916761587663192,5732.0,0.992561054935562,1.0,1.0,1.0,353.0,1.0,1.0,1.0,1.0,10.0,1.0,1.0,1.0,1.0,11.0,1.0,0.9617275768751796,0.8389475657771389,0.8701484793623935,16001.0,0.9157946746776215,51814.75165033341
0,15.0,4.0,71.0,0.9864653826132224,0.9982440737489026,0.9923197765753186,5695.0,0.995338200646645,1.0,1.0,1.0,281.0,1.0,1.0,1.0,1.0,13.0,1.0,0.9064935064935064,0.5176121616611049,0.6589568090630162,2697.0,0.7533945813942503,0.8991596638655462,0.1768595041322314,0.2955801104972376,1210.0,0.5876185027421569,0.9957634598411298,0.9842959343919035,0.98999648999649,5731.0,0.9909796291568124,1.0,1.0,1.0,353.0,1.0,1.0,1.0,1.0,11.0,1.0,1.0,1.0,1.0,11.0,1.0,0.9702810225360652,0.8502062242219722,0.8829389738477025,16002.0,0.9223646345280988,52801.291795015335
0,8.0,2.0,65.0,0.9928446771378708,0.9989464442493416,0.9958862144420132,5695.0,0.997484282569029,1.0,1.0,1.0,281.0,1.0,1.0,1.0,1.0,13.0,1.0,0.8080667593880391,0.21542454579162032,0.34016393442622955,2697.0,0.6025262526026873,0.8990825688073395,0.16198347107438016,0.27450980392156865,1210.0,0.5802480903235612,0.9970075690899488,0.9883091956028616,0.9926393270241852,5731.0,0.9933270250237072,1.0,1.0,1.0,353.0,1.0,1.0,1.0,1.0,11.0,1.0,1.0,1.0,1.0,11.0,1.0,0.9564021230521867,0.7998375203099612,0.8298317065563997,16002.0,0.8979842308587953,51021.75951623917
0,11.0,3.0,68.0,0.980848861283644,0.9984193888303478,0.9895561357702349,5694.0,0.9938255267783868,1.0,1.0,1.0,281.0,1.0,1.0,1.0,1.0,13.0,1.0,0.8946266573621773,0.4753429736744531,0.6208232445520582,2697.0,0.7319969284005485,0.8863636363636364,0.16115702479338842,0.2727272727272728,1210.0,0.5797334610175704,0.9975417032484636,0.9911025819958129,0.994311717861206,5732.0,0.994869694113778,1.0,1.0,1.0,353.0,1.0,1.0,1.0,1.0,11.0,1.0,1.0,1.0,1.0,11.0,1.0,0.9659524155777436,0.8443944506936633,0.8753460626429853,16002.0,0.9190169253758188,35852.36418914795
0,20.0,3.0,70.0,0.984756625671228,0.9984193888303478,0.9915409435772216,5694.0,0.99493950807977,1.0,1.0,1.0,281.0,1.0,1.0,1.0,1.0,13.0,1.0,0.8834048640915594,0.4580860534124629,0.6033219345383487,2696.0,0.7229161284954361,0.9058295964125559,0.16708023159636062,0.28212290502793297,1209.0,0.5828301286455668,0.9948934671597112,0.9856943475226796,0.9902725440364559,5732.0,0.9914347443828088,1.0,1.0,1.0,352.0,1.0,1.0,1.0,1.0,10.0,1.0,1.0,1.0,1.0,11.0,1.0,0.9659795646946532,0.8400425053131642,0.8724039806750734,15998.0,0.9169091775074794,32730.163471460342
0,6.0,3.0,67.0,0.971770744225834,0.9973661106233538,0.9844020797227035,5695.0,0.9906787863682404,1.0,1.0,1.0,281.0,1.0,1.0,1.0,1.0,13.0,1.0,0.8972464741437206,0.4953652206154987,0.6383182035355949,2697.0,0.7419328921566783,0.9067357512953368,0.1446280991735537,0.2494654312188168,1210.0,0.5717056125938077,0.9968354430379748,0.989356133310068,0.9930817059287153,5731.0,0.9938018131256796,1.0,1.0,1.0,353.0,1.0,1.0,1.0,1.0,11.0,1.0,1.0,1.0,1.0,11.0,1.0,0.9644495883170684,0.8455193100862393,0.8742606216353287,16002.0,0.9185820947866185,51675.119376659386
0,4.0,5.0,66.0,0.9474299065420559,0.9968393327480246,0.9715068024300504,5695.0,0.9831373065835991,1.0,1.0,1.0,281.0,1.0,1.0,1.0,1.0,12.0,1.0,0.9032846715328468,0.5506117908787542,0.6841741534208708,2697.0,0.7693302490172484,0.8995633187772926,0.17024793388429751,0.286309937456567,1210.0,0.5843464671111704,0.997190517998244,0.9909265398708776,0.9940486609487134,5731.0,0.9946843020678634,1.0,1.0,1.0,353.0,1.0,1.0,1.0,1.0,10.0,1.0,1.0,1.0,1.0,12.0,1.0,0.956386635288392,0.8571339291294294,0.8805247691915973,16001.0,0.9217827387631122,51514.8228828907
0,9.0,2.0,70.0,0.9864700780572421,0.9987706357569373,0.992582249760014,5694.0,0.9956007472816709,1.0,1.0,1.0,280.0,1.0,1.0,1.0,1.0,13.0,1.0,0.8929577464788733,0.4701520207638116,0.6159825115375274,2697.0,0.7293625838295077,0.8764940239043825,0.18181818181818185,0.30116358658453113,1210.0,0.5898610146361853,0.9971776327394604,0.9863898098063164,0.9917543859649124,5731.0,0.9924157853083004,1.0,1.0,1.0,353.0,1.0,1.0,1.0,1.0,10.0,1.0,1.0,1.0,1.0,11.0,1.0,0.9667885773401842,0.8434902181386337,0.8768185817540113,15999.0,0.9190767071017985,51197.217061519616
0,7.0,3.0,69.0,0.9827198894072922,0.998595258999122,0.990593973175405,5695.0,0.99444655741263,1.0,1.0,1.0,281.0,1.0,1.0,1.0,1.0,13.0,1.0,0.8994743758212878,0.5076010381905821,0.6489689499881488,2697.0,0.7480508009442199,0.9035087719298246,0.17024793388429751,0.2865090403337969,1210.0,0.5843803217285197,0.996828752642706,0.9872622578956552,0.9920224423599544,5731.0,0.9927548754184732,1.0,1.0,1.0,353.0,1.0,1.0,1.0,1.0,11.0,1.0,1.0,1.0,1.0,11.0,1.0,0.968475400399636,0.8492063492063492,0.8806810705737259,16002.0,0.9215375912339876,52377.98919487
0,17.0,1.0,63.0,0.9869723814486712,0.9978925184404636,0.9924024102698454,5694.0,0.9953076021272764,1.0,1.0,1.0,281.0,1.0,1.0,1.0,1.0,13.0,1.0,0.8887408394403731,0.4946236559139785,0.635540733682706,2697.0,0.7410350482832314,0.8943089430894309,0.18181818181818185,0.3021978021978022,1210.0,0.5900301186305243,0.9954193093727978,0.9858663409527132,0.9906197948628036,5731.0,0.9916672244251348,1.0,1.0,1.0,353.0,1.0,1.0,1.0,1.0,10.0,1.0,1.0,1.0,1.0,11.0,1.0,0.9669760416933209,0.847125,0.8797308792398015,16000.0,0.920689644903498,50532.35899496079
0,10.0,5.0,65.0,0.9706033156725348,0.997190517998244,0.9837173046942664,5695.0,0.9902506053992772,1.0,1.0,1.0,281.0,1.0,1.0,1.0,1.0,13.0,1.0,0.9123434704830052,0.5672969966629589,0.6995884773662551,2697.0,0.7781238440921528,0.9018691588785048,0.15963606286186932,0.2712579058327477,1209.0,0.5791081882724707,0.9964832073149288,0.9888326644564648,0.9926431949553336,5731.0,0.9934426223937632,1.0,1.0,1.0,353.0,1.0,1.0,1.0,1.0,10.0,1.0,1.0,1.0,1.0,12.0,1.0,0.9660884505251996,0.8585713392912943,0.8858727037142333,16001.0,0.9249821057324851,53202.86484122276
0,14.0,4.0,67.0,0.973440712816998,0.9977168949771691,0.985429314830876,5694.0,0.9913378264308454,1.0,1.0,1.0,281.0,1.0,1.0,1.0,1.0,13.0,1.0,0.8976020738820479,0.5137240356083086,0.6534560037744751,2696.0,0.7509235076936529,0.9110169491525424,0.17768595041322313,0.29737206085753803,1210.0,0.5881329880539979,0.9975352112676056,0.9886581748385972,0.9930768556655858,5731.0,0.993647357773798,1.0,1.0,1.0,353.0,1.0,1.0,1.0,1.0,10.0,1.0,1.0,1.0,1.0,11.0,1.0,0.9656798183770992,0.8509906869179323,0.8807985223001491,15999.0,0.9215201752225948,50940.932988166816
0,18.0,4.0,68.0,0.9904231238028904,0.9989462592202318,0.9946664335052898,5694.0,0.996804004112688,1.0,1.0,1.0,280.0,1.0,1.0,1.0,1.0,12.0,1.0,0.8943196829590488,0.5020393029291805,0.6430776537639514,2697.0,0.7450046138706053,0.8852459016393442,0.17866004962779156,0.2973158981417756,1209.0,0.5883833112623675,0.9968253968253968,0.9862153201884488,0.9914919743882116,5731.0,0.9922309797903084,1.0,1.0,1.0,353.0,1.0,1.0,1.0,1.0,10.0,1.0,1.0,1.0,1.0,11.0,1.0,0.9689640617717404,0.8486591235856723,0.8817719904139991,15997.0,0.9219797844296512,52732.40643286705
0,13.0,3.0,68.0,0.9618514750762972,0.9963119072708114,0.9787784679089028,5694.0,0.9872399823565391,1.0,1.0,1.0,281.0,1.0,1.0,1.0,1.0,12.0,1.0,0.8976588628762542,0.4975899147200593,0.6402671755725191,2697.0,0.7430443747846707,0.8786610878661087,0.17355371900826447,0.2898550724637681,1210.0,0.5857964673472695,0.9971875549305678,0.9898796021636712,0.9935201401050788,5731.0,0.9941607573580066,1.0,1.0,1.0,353.0,1.0,1.0,1.0,1.0,10.0,1.0,1.0,1.0,1.0,12.0,1.0,0.9589893778679229,0.847875,0.8757846080884838,16000.0,0.9187302602650824,50327.09248661995
0,10.0,1.0,68.0,0.9883559263121308,0.9987706357569373,0.9935359888190076,5694.0,0.9961341532821952,1.0,1.0,1.0,281.0,1.0,1.0,1.0,1.0,13.0,1.0,0.9133374308543332,0.5511869436201781,0.6874855424473745,2696.0,0.770293516916088,0.8974358974358975,0.17369727047146402,0.2910602910602911,1209.0,0.586037221347031,0.9978824775013234,0.986738789042052,0.992279347253904,5731.0,0.9927849979105264,1.0,1.0,1.0,353.0,1.0,1.0,1.0,1.0,10.0,1.0,1.0,1.0,1.0,11.0,1.0,0.9727416449909136,0.8567320915114389,0.8886923224013982,15998.0,0.9260450690104,54275.32308697701
0,1.0,4.0,65.0,0.9656579394763686,0.9975412715138744,0.9813407049067034,5694.0,0.9889695683139482,1.0,1.0,1.0,280.0,1.0,1.0,1.0,1.0,13.0,1.0,0.8801916932907349,0.4086021505376344,0.5581159787287922,2697.0,0.6986628253815823,0.8922413793103449,0.17107438016528925,0.2871012482662968,1210.0,0.5846919672819143,0.9963041182682154,0.9877857267492584,0.992026636291948,5731.0,0.9928702689063784,1.0,1.0,1.0,353.0,1.0,1.0,1.0,1.0,10.0,1.0,1.0,1.0,1.0,11.0,1.0,0.9581076489120705,0.8323645227826739,0.8620970017727168,15999.0,0.9113134041844692,51628.244936943054
0,8.0,4.0,64.0,0.9885257301808068,0.9985950122936424,0.9935348593395074,5694.0,0.9960951771803,1.0,1.0,1.0,281.0,1.0,1.0,1.0,1.0,12.0,1.0,0.8939808481532148,0.4846125324434557,0.6285164703053618,2697.0,0.7364800746715849,0.8949771689497716,0.16198347107438016,0.2743177046885934,1210.0,0.5802141305605182,0.9966496208781519,0.9862153201884488,0.9914050166637433,5731.0,0.9921824555753308,1.0,1.0,1.0,353.0,1.0,1.0,1.0,1.0,10.0,1.0,1.0,1.0,1.0,11.0,1.0,0.9689013817614006,0.8443027689230577,0.8771150061044958,15999.0,0.9196393181532808,50512.9600892067
0,12.0,4.0,63.0,0.964006791171477,0.9971900245872848,0.9803176795580112,5694.0,0.9883057480731028,1.0,1.0,1.0,281.0,1.0,1.0,1.0,1.0,12.0,1.0,0.8869448183041723,0.4888724035608309,0.6303204208512674,2696.0,0.7381204123067311,0.8942731277533039,0.16790736145574855,0.2827298050139275,1209.0,0.5831421570922484,0.9957709251101322,0.986040830570581,0.9908819919340698,5731.0,0.991851394340332,1.0,1.0,1.0,352.0,1.0,1.0,1.0,1.0,10.0,1.0,1.0,1.0,1.0,11.0,1.0,0.9586269868928702,0.8449612403100775,0.8732081615437811,15996.0,0.9172733664663768,39615.37201976776
0,3.0,4.0,70.0,0.9716190801846468,0.9978928884986832,0.9845807345807346,5695.0,0.9908913200257392,1.0,1.0,1.0,280.0,1.0,1.0,1.0,1.0,13.0,1.0,0.8505639097744361,0.335558027437894,0.4812549853762298,2697.0,0.6618024688384778,0.8870292887029289,0.17520661157024794,0.2926155969634231,1210.0,0.5866904651603353,0.9962923728813561,0.9846449136276392,0.9904344010530935,5731.0,0.9912998623455688,1.0,1.0,1.0,352.0,1.0,1.0,1.0,1.0,10.0,1.0,1.0,1.0,1.0,11.0,1.0,0.9548345868258524,0.8193637102318895,0.8501391589323081,15999.0,0.9053717294799936,51863.609044790275
0,15.0,1.0,70.0,0.9970222455771588,0.9996487530734106,0.9983337718144348,5694.0,0.9989996142623021,1.0,1.0,1.0,281.0,1.0,1.0,1.0,1.0,13.0,1.0,0.8849493487698987,0.453466814979607,0.5996567786222113,2697.0,0.7207573118722737,0.8914027149321267,0.1628099173553719,0.2753319357092942,1210.0,0.5805935996513167,0.9966531618812752,0.9872622578956552,0.9919354838709676,5731.0,0.9927060145257808,1.0,1.0,1.0,353.0,1.0,1.0,1.0,1.0,10.0,1.0,1.0,1.0,1.0,11.0,1.0,0.9701356009848888,0.839875,0.874232545558016,16000.0,0.9182439186596508,51650.37235116959
0,3.0,5.0,69.0,0.9861255636489769,0.9984196663740122,0.9922345345083324,5695.0,0.995328975517461,1.0,1.0,1.0,281.0,1.0,1.0,1.0,1.0,12.0,1.0,0.9014989293361884,0.4682981090100111,0.6163982430453879,2697.0,0.7289630342118827,0.9045454545454544,0.16446280991735535,0.2783216783216784,1210.0,0.5815215618002136,0.9973614775725592,0.9891835310537336,0.9932556713672592,5732.0,0.9938614831510147,1.0,1.0,1.0,353.0,1.0,1.0,1.0,1.0,11.0,1.0,1.0,1.0,1.0,11.0,1.0,0.9702976932162564,0.8427696537932758,0.8755975799628,16002.0,0.918814331336162,51288.60262465476
0,3.0,3.0,72.0,0.9868147120055516,0.9989462592202318,0.9928434281724559,5694.0,0.9957859570892542,1.0,1.0,1.0,281.0,1.0,1.0,1.0,1.0,13.0,1.0,0.8875502008032129,0.491839762611276,0.6329355608591887,2696.0,0.7396059907464076,0.9023255813953488,0.16046319272125725,0.27247191011235955,1209.0,0.579521705210605,0.9973544973544972,0.986738789042052,0.9920182440136831,5731.0,0.9926390410299364,1.0,1.0,1.0,353.0,1.0,1.0,1.0,1.0,11.0,1.0,1.0,1.0,1.0,12.0,1.0,0.9680317852356669,0.8458125,0.8777699904911624,16000.0,0.9202149422787947,52024.254835367195
0,19.0,5.0,62.0,0.9856052722858134,0.9980681419037584,0.9917975567190228,5694.0,0.995007290435675,1.0,1.0,1.0,280.0,1.0,1.0,1.0,1.0,13.0,1.0,0.8735632183908046,0.4508713385242862,0.5947664465639521,2697.0,0.7188206200251288,0.8979591836734694,0.18196856906534328,0.3026134800550206,1209.0,0.5901391760207387,0.9959399823477494,0.9844704240097716,0.9901719901719902,5731.0,0.9911153366518816,1.0,1.0,1.0,353.0,1.0,1.0,1.0,1.0,11.0,1.0,1.0,1.0,1.0,12.0,1.0,0.9644000695182248,0.839375,0.8725572354627057,16000.0,0.9166744363818444,29569.981452465054
0,1.0,5.0,70.0,0.9676485612123276,0.9980681419037584,0.9826229791648656,5694.0,0.9898179281501718,1.0,1.0,1.0,281.0,1.0,1.0,1.0,1.0,13.0,1.0,0.8463740458015268,0.3288839451242121,0.47369826435247,2697.0,0.6583916155534626,0.9090909090909092,0.15702479338842976,0.2677942212825934,1210.0,0.5778701576460806,0.9977128782547502,0.9895306229279358,0.993604905825668,5731.0,0.9941324616927674,1.0,1.0,1.0,353.0,1.0,1.0,1.0,1.0,11.0,1.0,1.0,1.0,1.0,12.0,1.0,0.9549027755497864,0.8187101612298463,0.8474565795126983,16002.0,0.9047807460784764,52291.158172130585
0,15.0,5.0,73.0,0.984080290707735,0.9987706357569373,0.9913710450623202,5694.0,0.9949214653796816,1.0,1.0,1.0,281.0,1.0,1.0,1.0,1.0,13.0,1.0,0.9014529374605179,0.5291064145346681,0.6668224299065421,2697.0,0.7586894273846095,0.9047619047619048,0.15715467328370555,0.2677942212825934,1209.0,0.5779012041198784,0.9970070422535212,0.988134705984994,0.992551047235124,5731.0,0.9932395384229604,1.0,1.0,1.0,352.0,1.0,1.0,1.0,1.0,10.0,1.0,1.0,1.0,1.0,12.0,1.0,0.9694528564055837,0.8522407650478155,0.8827651784035219,15999.0,0.9231956097263028,52316.56143140793
0,20.0,2.0,68.0,0.9902523933855528,0.9989464442493416,0.9945804195804197,5695.0,0.9967563581619304,1.0,1.0,1.0,281.0,1.0,1.0,1.0,1.0,12.0,1.0,0.785430463576159,0.2198739340007416,0.3435689455388181,2697.0,0.6038485725325415,0.9086757990867579,0.16446280991735535,0.27851644506648005,1210.0,0.5815553181491313,0.9970112517580872,0.9895306229279358,0.9932568526140644,5731.0,0.9939376581046688,1.0,1.0,1.0,353.0,1.0,1.0,1.0,1.0,11.0,1.0,1.0,1.0,1.0,11.0,1.0,0.9523881345738516,0.8011999250046872,0.8304544001306373,16001.0,0.8982592158871798,33111.7629070282
0,7.0,1.0,65.0,0.9761127341467606,0.9975412715138744,0.9867106748892556,5694.0,0.9920276455561028,1.0,1.0,1.0,281.0,1.0,1.0,1.0,1.0,13.0,1.0,0.8869565217391304,0.4538375973303671,0.6004415011037528,2697.0,0.7210559002887554,0.8916666666666667,0.1768595041322314,0.2951724137931035,1210.0,0.5875508392137054,0.995596265633257,0.9862153201884488,0.9908835904628333,5731.0,0.9918905228011378,1.0,1.0,1.0,353.0,1.0,1.0,1.0,1.0,10.0,1.0,1.0,1.0,1.0,12.0,1.0,0.9626764897427006,0.8398850071870508,0.8713601517985373,16001.0,0.9160523891317496,50830.67587709427
0,15.0,3.0,69.0,0.9864536297325459,0.9975412715138744,0.9919664687390848,5694.0,0.9949860651601397,1.0,1.0,1.0,280.0,1.0,1.0,1.0,1.0,13.0,1.0,0.8980933596318211,0.5066765578635015,0.6478539245909414,2696.0,0.7475125253423348,0.8818565400843882,0.1728701406120761,0.289073305670816,1209.0,0.5854884847752739,0.997532169927728,0.987264480111654,0.9923717667689612,5732.0,0.992950444010244,1.0,1.0,1.0,353.0,1.0,1.0,1.0,1.0,11.0,1.0,1.0,1.0,1.0,11.0,1.0,0.968194613429106,0.8489280580036253,0.8813448245123588,15999.0,0.9218196103821984,52380.960560560234
0,15.0,2.0,71.0,0.972621492128679,0.9980684811237928,0.9851806915677268,5695.0,0.9912710188248754,1.0,1.0,1.0,281.0,1.0,1.0,1.0,1.0,12.0,1.0,0.9096774193548388,0.5228031145717463,0.6639981163174004,2697.0,0.7561395863018847,0.9150943396226416,0.16033057851239668,0.2728551336146273,1210.0,0.5795567699864215,0.995768688293371,0.9855173617169778,0.9906165044286592,5731.0,0.9915901152727452,1.0,1.0,1.0,353.0,1.0,1.0,1.0,1.0,10.0,1.0,1.0,1.0,1.0,11.0,1.0,0.9670933688265956,0.8501875,0.8797365535462861,16000.0,0.92097897242347,52296.04277062416
0,5.0,2.0,71.0,0.9734316078162496,0.9973656480505796,0.9852532963219988,5694.0,0.9911636622905464,1.0,1.0,1.0,281.0,1.0,1.0,1.0,1.0,13.0,1.0,0.8846905537459283,0.5035224323322209,0.6417769376181475,2697.0,0.7451090814697785,0.8944954128440367,0.16115702479338842,0.27310924369747897,1210.0,0.5798010125657159,0.9957716701902748,0.9862153201884488,0.9909704567370912,5731.0,0.9919392082928612,1.0,1.0,1.0,353.0,1.0,1.0,1.0,1.0,10.0,1.0,1.0,1.0,1.0,12.0,1.0,0.9616172045347318,0.8470095619023811,0.8761713981906021,16001.0,0.9192305426996604,52200.65992093086
0,14.0,3.0,65.0,0.9786574870912221,0.9985950122936424,0.9885257301808068,5694.0,0.993281593086468,1.0,1.0,1.0,281.0,1.0,1.0,1.0,1.0,13.0,1.0,0.8916494133885439,0.4790507971820541,0.6232513265798361,2697.0,0.7336244739875541,0.9065040650406504,0.18429752066115704,0.3063186813186813,1210.0,0.5913712079303081,0.9966637401229148,0.9904030710172744,0.9935235427971294,5731.0,0.9942764210865902,1.0,1.0,1.0,352.0,1.0,1.0,1.0,1.0,10.0,1.0,1.0,1.0,1.0,12.0,1.0,0.9658752507968708,0.8465625,0.8776314602250802,16000.0,0.9197554955138564,48834.25042557717
0,19.0,2.0,70.0,0.97328309642062,0.9978928884986832,0.9854343679556096,5695.0,0.991377303055746,1.0,1.0,1.0,281.0,1.0,1.0,1.0,1.0,13.0,1.0,0.8963117606123869,0.4777448071216617,0.623276070650859,2696.0,0.7332725839577039,0.8863636363636364,0.16115702479338842,0.2727272727272728,1210.0,0.5797333467442264,0.9964844436632097,0.9891816436922004,0.9928196147110332,5731.0,0.993617017191314,1.0,1.0,1.0,353.0,1.0,1.0,1.0,1.0,10.0,1.0,1.0,1.0,1.0,11.0,1.0,0.9631660054600174,0.8439375,0.8737656389931776,16000.0,0.9179183188960236,32616.54403924942
0,8.0,3.0,70.0,0.9750987463506784,0.9971900245872848,0.9860206651037596,5694.0,0.9915589098091704,1.0,1.0,1.0,281.0,1.0,1.0,1.0,1.0,13.0,1.0,0.8815426997245179,0.4747774480712166,0.6171648987463839,2696.0,0.7309235308315788,0.8907563025210085,0.17520661157024794,0.2928176795580111,1210.0,0.5867242146301335,0.9964751498061332,0.9865642994241842,0.9914949583516002,5731.0,0.9923081553612592,1.0,1.0,1.0,352.0,1.0,1.0,1.0,1.0,10.0,1.0,1.0,1.0,1.0,11.0,1.0,0.961649305523655,0.8432929116139517,0.8739745738654378,15998.0,0.9176372427586692,50612.00786972046
0,1.0,2.0,66.0,0.9923278116826504,0.9992976294995609,0.9958005249343832,5695.0,0.9975137215820786,1.0,1.0,1.0,281.0,1.0,1.0,1.0,1.0,13.0,1.0,0.8948116560056859,0.4668149796069707,0.6135477582846005,2697.0,0.7278444165814134,0.8918918918918919,0.16377171215880892,0.2767295597484277,1209.0,0.5810744970530353,0.9964776329693554,0.9872622578956552,0.9918485406258218,5731.0,0.9926572294542556,1.0,1.0,1.0,352.0,1.0,1.0,1.0,1.0,10.0,1.0,1.0,1.0,1.0,11.0,1.0,0.9701059150962374,0.8421151321957623,0.8757842563696052,15999.0,0.9189496021544764,55269.63082790375
0,14.0,5.0,68.0,0.9791523087525844,0.9978928884986832,0.9884337768501608,5695.0,0.9930760774727064,1.0,1.0,1.0,281.0,1.0,1.0,1.0,1.0,13.0,1.0,0.9013071895424836,0.5113088616981831,0.6524722025076887,2697.0,0.7499794458821644,0.9049773755656108,0.1652892561983471,0.27952480782669464,1210.0,0.5819347369491498,0.9964807320077425,0.988134705984994,0.9922901699667076,5731.0,0.9930936431580276,1.0,1.0,1.0,353.0,1.0,1.0,1.0,1.0,10.0,1.0,1.0,1.0,1.0,11.0,1.0,0.9674990055692024,0.8495094056621462,0.8800629879929007,16001.0,0.9213063888130985,51536.43231630325
0,3.0,1.0,67.0,0.9612258719945818,0.9970144011239902,0.978793103448276,5694.0,0.987396089450884,1.0,1.0,1.0,281.0,1.0,1.0,1.0,1.0,13.0,1.0,0.9025974025974026,0.5153874675565443,0.6561246164739203,2697.0,0.7520554838910369,0.9049773755656108,0.1654259718775848,0.2797202797202797,1209.0,0.5820030467907193,0.9952473156134484,0.9865642994241842,0.9908867858394672,5731.0,0.9919673853957696,1.0,1.0,1.0,353.0,1.0,1.0,1.0,1.0,10.0,1.0,1.0,1.0,1.0,11.0,1.0,0.9608978887919144,0.8493655853490844,0.8767904249948404,15999.0,0.9192533122483028,51796.74024939537
0,18.0,1.0,67.0,0.9709451375833192,0.9975417032484636,0.9840637450199204,5695.0,0.9905232288801992,1.0,1.0,1.0,281.0,1.0,1.0,1.0,1.0,13.0,1.0,0.8817131203263087,0.4810830860534125,0.6225101991840652,2696.0,0.7340026478745079,0.9098360655737704,0.1834710743801653,0.3053645116918845,1210.0,0.5909918416995817,0.9966555183946488,0.9879602163671262,0.9922888187872416,5731.0,0.9930550838408172,1.0,1.0,1.0,353.0,1.0,1.0,1.0,1.0,10.0,1.0,1.0,1.0,1.0,12.0,1.0,0.9617127395913209,0.8456346478345104,0.8754345856199955,16001.0,0.9183925842816464,52892.23938822746
0,12.0,3.0,73.0,0.9791415273228754,0.9975412715138744,0.9882557633753808,5694.0,0.992900268980302,1.0,1.0,1.0,281.0,1.0,1.0,1.0,1.0,13.0,1.0,0.9038709677419356,0.5194660734149055,0.659759830468566,2697.0,0.7541327961602078,0.9082969432314412,0.171900826446281,0.2890896455872133,1210.0,0.5852404740750674,0.9977140847547036,0.990054091781539,0.9938693291294448,5731.0,0.9943940728651584,1.0,1.0,1.0,353.0,1.0,1.0,1.0,1.0,10.0,1.0,1.0,1.0,1.0,11.0,1.0,0.9686194111009816,0.8519375,0.8825102609896571,16000.0,0.922655230502436,43122.0260977745
0,14.0,1.0,73.0,0.9694487113841952,0.9975412715138744,0.9832943824114948,5694.0,0.9900872167213304,1.0,1.0,1.0,281.0,1.0,1.0,1.0,1.0,13.0,1.0,0.9007731958762888,0.5183537263626251,0.6580371852200517,2697.0,0.7533891301686847,0.8981481481481481,0.16046319272125725,0.272280701754386,1209.0,0.5794879511469997,0.9962845010615712,0.9823796231681786,0.9892832044975404,5732.0,0.990167316696564,1.0,1.0,1.0,353.0,1.0,1.0,1.0,1.0,11.0,1.0,1.0,1.0,1.0,11.0,1.0,0.9633766729014434,0.8481969876882695,0.8775928503587579,16001.0,0.9196104673656412,52734.184114217765
0,7.0,4.0,70.0,0.9816862474084312,0.9978925184404636,0.9897230447657202,5694.0,0.9938041228080848,1.0,1.0,1.0,281.0,1.0,1.0,1.0,1.0,13.0,1.0,0.8054363376251789,0.2088278931750742,0.33166421207658325,2696.0,0.5993030860088073,0.8994974874371859,0.14793388429752066,0.2540809084457062,1210.0,0.573290855339214,0.9975343430785488,0.9881367759944172,0.9928133216476774,5732.0,0.9933867247388584,1.0,1.0,1.0,353.0,1.0,1.0,1.0,1.0,11.0,1.0,1.0,1.0,1.0,11.0,1.0,0.9522177784704908,0.7972626710830573,0.8247543023284963,16001.0,0.8956450494539443,52793.427459955215
0,19.0,3.0,70.0,0.9796586795380108,0.9978928884986832,0.9886917188587334,5695.0,0.9932216237564248,1.0,1.0,1.0,281.0,1.0,1.0,1.0,1.0,12.0,1.0,0.8941655359565808,0.4886911383018168,0.6319827379525293,2697.0,0.7384826707744803,0.9045454545454544,0.16446280991735535,0.2783216783216784,1210.0,0.5815215138086539,0.9975360788454768,0.9888346127006279,0.9931662870159452,5732.0,0.9937356430919636,1.0,1.0,1.0,353.0,1.0,1.0,1.0,1.0,10.0,1.0,1.0,1.0,1.0,11.0,1.0,0.966820663357674,0.8458846322104868,0.8769236404664138,16001.0,0.9196186893496168,32793.53899955749
0,6.0,2.0,70.0,0.9902523933855528,0.9989464442493416,0.9945804195804197,5695.0,0.9967563581619304,1.0,1.0,1.0,281.0,1.0,1.0,1.0,1.0,13.0,1.0,0.8965517241379308,0.5111275964391692,0.6510748877864398,2696.0,0.7495886009253343,0.9032258064516128,0.16198347107438016,0.2747021723896286,1210.0,0.5802818443871663,0.997537379067722,0.989357990230286,0.9934308487343436,5732.0,0.9939973318567928,1.0,1.0,1.0,353.0,1.0,1.0,1.0,1.0,10.0,1.0,1.0,1.0,1.0,11.0,1.0,0.9709004631728779,0.8500718705080933,0.8820804100068396,16001.0,0.922764331337948,52285.46883964538
0,19.0,4.0,65.0,0.989393149017562,0.9992975061468212,0.9943206640454348,5694.0,0.9966893119711401,1.0,1.0,1.0,281.0,1.0,1.0,1.0,1.0,13.0,1.0,0.8958470665787739,0.5038932146829811,0.6449928808732796,2697.0,0.7460080972309892,0.9148936170212766,0.17768595041322313,0.29757785467128023,1210.0,0.5881668426846373,0.9966555183946488,0.9879602163671262,0.9922888187872416,5731.0,0.993054993761516,1.0,1.0,1.0,353.0,1.0,1.0,1.0,1.0,10.0,1.0,1.0,1.0,1.0,11.0,1.0,0.9710348863490268,0.849625,0.8822552553382419,16000.0,0.9223758018432068,31167.06594538689
0,5.0,1.0,66.0,0.9883579496090356,0.9987708516242316,0.99353711790393,5695.0,0.9961345767097384,1.0,1.0,1.0,280.0,1.0,1.0,1.0,1.0,13.0,1.0,0.9127557160048136,0.5624768261030775,0.6960311998164717,2697.0,0.7757885145324077,0.8954545454545455,0.1628099173553719,0.2755244755244755,1210.0,0.5806274062774155,0.9970044052863436,0.9872622578956552,0.9921094160967909,5731.0,0.9928033949912594,1.0,1.0,1.0,352.0,1.0,1.0,1.0,1.0,11.0,1.0,1.0,1.0,1.0,11.0,1.0,0.9721708084865296,0.8579375,0.8888471069627019,16000.0,0.9265377160216528,51834.376131296165
0,5.0,5.0,66.0,0.9869814268356188,0.9985950122936424,0.9927542557835006,5694.0,0.9956588490538656,1.0,1.0,1.0,281.0,1.0,1.0,1.0,1.0,13.0,1.0,0.8991097922848664,0.4493882091212458,0.5992583436341162,2697.0,0.7195824756047482,0.902439024390244,0.1834710743801653,0.3049450549450549,1210.0,0.5909241781637135,0.9950643398554556,0.9849938928633746,0.9900035075412136,5731.0,0.9911336199149866,1.0,1.0,1.0,353.0,1.0,1.0,1.0,1.0,10.0,1.0,1.0,1.0,1.0,11.0,1.0,0.969214769088632,0.8395625,0.8737272564634172,16000.0,0.9170750284081,50367.091552972786
0,10.0,4.0,71.0,0.9883579496090356,0.9989462592202318,0.9936238972836056,5694.0,0.9962225959404092,1.0,1.0,1.0,281.0,1.0,1.0,1.0,1.0,13.0,1.0,0.9001969796454367,0.5083426028921023,0.6497630331753554,2697.0,0.7484583043777207,0.8986175115207373,0.16115702479338842,0.27330063069376315,1210.0,0.5798347666225224,0.9982416036574644,0.9905775606351422,0.994394815204064,5731.0,0.994801877990178,1.0,1.0,1.0,353.0,1.0,1.0,1.0,1.0,10.0,1.0,1.0,1.0,1.0,11.0,1.0,0.9707369524174132,0.8499375,0.8817297387925455,16000.0,0.9226183211603978,54412.04356050491
0,5.0,4.0,66.0,0.9876736111111112,0.9991218826835264,0.9933647634014318,5694.0,0.9961156773666079,1.0,1.0,1.0,281.0,1.0,1.0,1.0,1.0,12.0,1.0,0.9001367989056087,0.4879495736002966,0.6328444337581148,2697.0,0.7384864776504603,0.8884120171673819,0.17121588089330025,0.2871012482662968,1209.0,0.5847289087338906,0.996300863131936,0.9869132786599196,0.9915848527349228,5731.0,0.9924339452615856,1.0,1.0,1.0,353.0,1.0,1.0,1.0,1.0,10.0,1.0,1.0,1.0,1.0,11.0,1.0,0.9690194314089,0.8460432554069258,0.8788522690855847,15998.0,0.9204373601764082,52018.235826969154
0,1.0,1.0,67.0,0.9687766592731616,0.9971900245872848,0.9827780181739508,5694.0,0.9897158274319248,0.0,0.0,0.0,281.0,0.5,1.0,1.0,1.0,12.0,1.0,0.8826229508196721,0.4992581602373887,0.6377635631366975,2696.0,0.7429012743605946,0.9121338912133892,0.18016528925619835,0.3008971704623879,1210.0,0.5893726574754856,0.9957761351636748,0.9872622578956552,0.9915009200035048,5731.0,0.9924624495555409,1.0,1.0,1.0,353.0,1.0,1.0,1.0,1.0,11.0,1.0,1.0,1.0,1.0,11.0,1.0,0.9433865124259292,0.8304894055878492,0.8593490812237383,15999.0,0.9104785906007679,54185.86333489418
0,13.0,2.0,67.0,0.9806763285024156,0.9980684811237928,0.9892959707597252,5695.0,0.9936005126364159,1.0,1.0,1.0,281.0,1.0,1.0,1.0,1.0,13.0,1.0,0.8942875902823375,0.505192878338279,0.6456506281109268,2696.0,0.7465460821604961,0.9063829787234042,0.17603305785123968,0.2948096885813149,1210.0,0.5872728334351188,0.9991232684551992,0.9940683879972086,0.9965894184521208,5732.0,0.9967907428349077,1.0,1.0,1.0,353.0,1.0,1.0,1.0,1.0,10.0,1.0,1.0,1.0,1.0,11.0,1.0,0.9679175684809048,0.8515092806699581,0.8819376861830285,16001.0,0.9226578228457768,51692.233697652824
0,11.0,5.0,70.0,0.9873241882271228,0.9984196663740122,0.9928409289331238,5695.0,0.9956678632694904,1.0,1.0,1.0,281.0,1.0,1.0,1.0,1.0,13.0,1.0,0.7744966442953021,0.2139414163885799,0.3352701917489832,2697.0,0.6006563430135037,0.8858447488584474,0.16046319272125725,0.2717086834733893,1209.0,0.5793864878486956,0.9968321013727559,0.9883091956028616,0.9925523525803908,5731.0,0.9932781736121232,1.0,1.0,1.0,353.0,1.0,1.0,1.0,1.0,10.0,1.0,1.0,1.0,1.0,11.0,1.0,0.9477162359971888,0.7993125,0.8277041330236684,16000.0,0.8969533822004573,42700.20264554024
0,11.0,1.0,67.0,0.9688085904209988,0.9980684811237928,0.9832208960387476,5695.0,0.9901567786428124,1.0,1.0,1.0,281.0,1.0,1.0,1.0,1.0,13.0,1.0,0.8847765363128491,0.4697812384130515,0.6137079195931219,2697.0,0.7286899427690962,0.8961038961038961,0.17107438016528925,0.2873004857737682,1210.0,0.5847259407586858,0.9971816100052844,0.9877857267492584,0.9924614305750351,5731.0,0.9931139713485364,1.0,1.0,1.0,352.0,1.0,1.0,1.0,1.0,11.0,1.0,1.0,1.0,1.0,12.0,1.0,0.9606137209167194,0.8428946381702287,0.8723311653852706,16002.0,0.9169025239429784,53217.074862957
0,9.0,3.0,68.0,0.9837285788471524,0.9980681419037584,0.990846482433964,5694.0,0.9944731781813796,1.0,1.0,1.0,281.0,1.0,1.0,1.0,1.0,13.0,1.0,0.8951140065146579,0.5096439169139466,0.6494918458993145,2696.0,0.7487706918253865,0.9098712446351932,0.17520661157024794,0.2938322938322939,1210.0,0.5868933186325106,0.9966531618812752,0.9872622578956552,0.9919354838709676,5731.0,0.992705924428934,1.0,1.0,1.0,353.0,1.0,1.0,1.0,1.0,10.0,1.0,1.0,1.0,1.0,11.0,1.0,0.9685193678523271,0.8497406087880492,0.881381912689864,15999.0,0.9218422795283188,54087.13182759285
0,19.0,1.0,70.0,0.978811369509044,0.9978925184404636,0.988259848682494,5694.0,0.9929782825098972,1.0,1.0,1.0,281.0,1.0,1.0,1.0,1.0,13.0,1.0,0.8942976356050071,0.4768261030774935,0.6220072551390569,2697.0,0.7326996249863487,0.8913043478260869,0.1695616211745244,0.2849200833912439,1209.0,0.5839356449347943,0.9973549638511726,0.9869132786599196,0.9921066479564988,5731.0,0.9927262147097806,1.0,1.0,1.0,352.0,1.0,1.0,1.0,1.0,11.0,1.0,1.0,1.0,1.0,11.0,1.0,0.9654791496696048,0.8436152259516221,0.8752382477509136,15999.0,0.9183949847132604,55061.826407909386
0,20.0,5.0,70.0,0.9823681936041486,0.9980681419037584,0.9901559369283042,5694.0,0.9940850170945283,1.0,1.0,1.0,280.0,1.0,1.0,1.0,1.0,13.0,1.0,0.906187624750499,0.5050055617352615,0.6485714285714286,2697.0,0.7472028259736299,0.8888888888888888,0.14545454545454545,0.25,1210.0,0.5719834766626302,0.9970080957409364,0.9884836852207294,0.9927275913432052,5731.0,0.9934140280408283,1.0,1.0,1.0,353.0,1.0,1.0,1.0,1.0,10.0,1.0,1.0,1.0,1.0,11.0,1.0,0.9684356191375074,0.8471154447152947,0.8779278000946819,15999.0,0.9205501537877928,32447.337479114525
0,11.0,4.0,64.0,0.9869859448204058,0.9989462592202318,0.9929300864100552,5694.0,0.9958341194208874,0.0,0.0,0.0,281.0,0.5,1.0,1.0,1.0,12.0,1.0,0.8974189278623428,0.5027808676307007,0.644486692015209,2697.0,0.7455642422652075,0.9132420091324199,0.1652892561983471,0.27991602519244235,1210.0,0.5820022587706185,0.9966549295774648,0.9877857267492584,0.9922005082814828,5731.0,0.9929676588557356,1.0,1.0,1.0,353.0,1.0,1.0,1.0,1.0,10.0,1.0,1.0,1.0,1.0,11.0,1.0,0.9527526127077198,0.8307394212138258,0.8627366725312773,15999.0,0.9127124584903098,34832.202791690834
0,16.0,1.0,68.0,0.9649898028552004,0.9970149253731344,0.9807409966318336,5695.0,0.9885113446741448,1.0,1.0,1.0,281.0,1.0,1.0,1.0,1.0,13.0,1.0,0.8873720136518771,0.4821958456973294,0.6248497957221821,2696.0,0.7348963141889641,0.8878504672897196,0.15702479338842976,0.2668539325842697,1210.0,0.5777009828055137,0.9964745284681826,0.9863898098063164,0.9914065240266572,5731.0,0.992221005409586,1.0,1.0,1.0,352.0,1.0,1.0,1.0,1.0,10.0,1.0,1.0,1.0,1.0,11.0,1.0,0.9588140798885896,0.8430526907931746,0.871401904663356,15999.0,0.9165128659397282,51609.630210638046
0,16.0,2.0,74.0,0.9786501377410468,0.9980684811237928,0.988263931148396,5695.0,0.9930177437157052,1.0,1.0,1.0,281.0,1.0,1.0,1.0,1.0,12.0,1.0,0.8949550794747754,0.4801631442343344,0.625,2697.0,0.7343685750488368,0.8879310344827587,0.17024793388429751,0.2857142857142857,1210.0,0.5842449946635822,0.9971811134601832,0.9876112371313908,0.992373104234242,5731.0,0.9930265748418664,1.0,1.0,1.0,353.0,1.0,1.0,1.0,1.0,10.0,1.0,1.0,1.0,1.0,11.0,1.0,0.9652092435464484,0.8445,0.8758620396231777,16000.0,0.9187999900830828,55782.10123634338
0,17.0,3.0,72.0,0.965839564921822,0.9980681419037584,0.9816894109518052,5694.0,0.9892834160571476,1.0,1.0,1.0,281.0,1.0,1.0,1.0,1.0,12.0,1.0,0.8080357142857143,0.2013348164627364,0.3223508459483527,2697.0,0.5958192422662449,0.8909952606635071,0.15537190082644628,0.2646023926812104,1210.0,0.5769084505822448,0.9970086222065809,0.9886581748385972,0.9928158401962502,5731.0,0.9935014340599996,1.0,1.0,1.0,353.0,1.0,1.0,1.0,1.0,11.0,1.0,1.0,1.0,1.0,12.0,1.0,0.9461735818612702,0.7967627023311044,0.8210809457403451,16001.0,0.8937391545043329,56171.52549099922
0,16.0,3.0,65.0,0.9861351819757366,0.9992975061468212,0.9926727145847872,5694.0,0.9957671422049004,1.0,1.0,1.0,280.0,1.0,1.0,1.0,1.0,13.0,1.0,0.8900487125956854,0.4742306266221728,0.6187711659409773,2697.0,0.7311763567631988,0.9018691588785048,0.15963606286186932,0.2712579058327477,1209.0,0.5791080922828616,0.9959378311550688,0.9839469551561684,0.9899060826823488,5731.0,0.990853493160476,1.0,1.0,1.0,353.0,1.0,1.0,1.0,1.0,11.0,1.0,1.0,1.0,1.0,11.0,1.0,0.9676601429760746,0.8418651165697856,0.8744425801233155,15999.0,0.9180951181184897,53882.278678417206
0,20.0,4.0,70.0,0.9753001715265868,0.9984196663740122,0.9867245119305856,5695.0,0.9922229336236872,1.0,1.0,1.0,281.0,1.0,1.0,1.0,1.0,13.0,1.0,0.8967994774657086,0.5090841675936225,0.6494796594134342,2697.0,0.7486035736863099,0.9065040650406504,0.18444995864350705,0.3065292096219931,1209.0,0.5914474794907753,0.9968315437422988,0.988134705984994,0.9924640729057134,5731.0,0.9931909288031894,1.0,1.0,1.0,353.0,1.0,1.0,1.0,1.0,10.0,1.0,1.0,1.0,1.0,11.0,1.0,0.9656129787118868,0.8508125,0.8810905095711469,16000.0,0.921545666305894,31875.27639579773
0,18.0,3.0,65.0,0.9970232883908248,0.9998244073748902,0.998421883219358,5695.0,0.9990873613778866,1.0,1.0,1.0,281.0,1.0,1.0,1.0,1.0,13.0,1.0,0.894774011299435,0.4697812384130515,0.6160953075613907,2697.0,0.7292903786592807,0.8994974874371859,0.14793388429752066,0.2540809084457062,1210.0,0.573290809626786,0.9966490299823632,0.986040830570581,0.9913165511797212,5731.0,0.9920953008632436,1.0,1.0,1.0,352.0,1.0,1.0,1.0,1.0,10.0,1.0,1.0,1.0,1.0,11.0,1.0,0.9724025429055152,0.841125,0.8752059202161001,16000.0,0.9189424201991752,53866.49208450317
0,6.0,1.0,70.0,0.9909423445392788,0.9991218826835264,0.9950153038915609,5694.0,0.9970381390906472,1.0,1.0,1.0,281.0,1.0,1.0,1.0,1.0,13.0,1.0,0.9079552925706772,0.5120504263997033,0.6548127074442863,2697.0,0.7507632422158632,0.8986784140969163,0.16859504132231404,0.2839248434237996,1210.0,0.5835199682608866,0.9966513923158266,0.986738789042052,0.9916703200350724,5731.0,0.992444280098979,1.0,1.0,1.0,353.0,1.0,1.0,1.0,1.0,10.0,1.0,1.0,1.0,1.0,11.0,1.0,0.9723994465180649,0.8498125,0.8829036673124743,16000.0,0.922731309942578,52223.5905110836
0,17.0,2.0,70.0,0.9835725402040464,0.9989462592202318,0.99119979088612,5694.0,0.9948641639590388,1.0,1.0,1.0,281.0,1.0,1.0,1.0,1.0,13.0,1.0,0.7912687585266029,0.21505376344086025,0.3381924198250729,2697.0,0.6017762991450712,0.8986175115207373,0.16115702479338842,0.27330063069376315,1210.0,0.5798347666225224,0.9970086222065809,0.9886581748385972,0.9928158401962502,5731.0,0.9935013534627302,1.0,1.0,1.0,353.0,1.0,1.0,1.0,1.0,10.0,1.0,1.0,1.0,1.0,11.0,1.0,0.9502310930296308,0.7998125,0.827782369304872,16000.0,0.8969439720428241,55968.659896850586
0,6.0,5.0,69.0,0.9701212224688408,0.9978925184404636,0.9838109254609992,5694.0,0.9904552354453652,1.0,1.0,1.0,281.0,1.0,1.0,1.0,1.0,12.0,1.0,0.7931506849315069,0.21468298109010006,0.3379048730668223,2697.0,0.6016656523252335,0.8965517241379308,0.1720430107526882,0.2886884108258154,1209.0,0.5852101463499749,0.9973591549295776,0.9884836852207294,0.9929015861887652,5731.0,0.9935114179901856,1.0,1.0,1.0,353.0,1.0,1.0,1.0,1.0,10.0,1.0,1.0,1.0,1.0,12.0,1.0,0.9457337326946696,0.8001750109381837,0.8263324039860224,15999.0,0.8957858227630439,53418.637615442276
0,4.0,3.0,69.0,0.984751342921504,0.9980681419037584,0.9913650239860444,5694.0,0.9947647132961448,1.0,1.0,1.0,281.0,1.0,1.0,1.0,1.0,13.0,1.0,0.8929503916449086,0.5072302558398221,0.6469614566091275,2697.0,0.7474511047672386,0.9022222222222224,0.16776859504132233,0.2829268292682927,1210.0,0.5831405517464894,0.9970075690899488,0.9881367759944172,0.9925523525803908,5732.0,0.9932405734276722,1.0,1.0,1.0,352.0,1.0,1.0,1.0,1.0,10.0,1.0,1.0,1.0,1.0,11.0,1.0,0.9680623517358651,0.8490625,0.8805211902160492,16000.0,0.921620058847885,52232.578746557236
0,17.0,5.0,66.0,0.9754253308128544,0.9966637401229148,0.9859301719645648,5695.0,0.9913921437681448,1.0,1.0,1.0,280.0,1.0,1.0,1.0,1.0,13.0,1.0,0.8816901408450705,0.4643916913946588,0.608357628765792,2696.0,0.7258810058236262,0.8865546218487395,0.17452440033085195,0.29163787145818937,1209.0,0.5863493595406373,0.997355896351137,0.9870900209351012,0.9921964050854888,5732.0,0.9928144435476208,1.0,1.0,1.0,352.0,1.0,1.0,1.0,1.0,10.0,1.0,1.0,1.0,1.0,11.0,1.0,0.961793500087346,0.8415426928366045,0.8726631127036971,15998.0,0.9169060017852028,53581.954783678055
0,9.0,5.0,71.0,0.9706083390293916,0.9973661106233538,0.9838053173984584,5695.0,0.9903400207753944,1.0,1.0,1.0,281.0,1.0,1.0,1.0,1.0,13.0,1.0,0.7791666666666667,0.20800889877641826,0.3283582089552239,2697.0,0.5980297011543296,0.908695652173913,0.1728701406120761,0.29047949965253644,1209.0,0.5857253231112294,0.9968398876404494,0.9905792044661548,0.9936996849842492,5732.0,0.994413348703723,1.0,1.0,1.0,353.0,1.0,1.0,1.0,1.0,11.0,1.0,1.0,1.0,1.0,12.0,1.0,0.9442933368871899,0.7997250515528338,0.8251846329779473,16003.0,0.8955190747197598,54036.63880348206
