,Rep,Kfold,Num_Vars_,Precision_label_category_background,Recall_label_category_background,F1_score_label_category_background,Num_Obs_label_category_background,AUC_label_category_background,Accuracy_label_category_background,Precision_label_category_dos,Recall_label_category_dos,F1_score_label_category_dos,Num_Obs_label_category_dos,AUC_label_category_dos,Accuracy_label_category_dos,Precision_label_category_r2l,Recall_label_category_r2l,F1_score_label_category_r2l,Num_Obs_label_category_r2l,AUC_label_category_r2l,Accuracy_label_category_r2l,Precision_label_category_u2r,Recall_label_category_u2r,F1_score_label_category_u2r,Num_Obs_label_category_u2r,AUC_label_category_u2r,Accuracy_label_category_u2r,Precision_label_category_probe,Recall_label_category_probe,F1_score_label_category_probe,Num_Obs_label_category_probe,AUC_label_category_probe,Accuracy_label_category_probe,Precision_w,Recall_w,F1_score_w,Total_Obs,AUC_w,Accuracy_w,Hyper_time,Training_time,Testing_time,Total_time
0,18.0,3.0,46.0,0.7173913043478259,0.5025380710659898,0.591044776119403,197.0,0.7501067299956522,0.9919288323318016,0.8037006734218641,0.9682311016756388,0.8783272577206134,13189.0,0.5720944147744111,0.7915635678095911,0.6633165829145728,0.2593320235756385,0.3728813559322034,509.0,0.6276313928992677,0.9738423471191232,0.0,0.0,0.0,16.0,0.5,0.9990573818781666,0.6294536817102138,0.08651648710414626,0.15212399540757748,3063.0,0.5376511700131471,0.82596912925651,0.76628838438196,0.7815482502651113,0.7279631454622123,16974.0,0.5695424870392866,0.8057591605700741,0.0,2.0993385314941406,0.020945072174072262,3.0296049118041988
0,11.0,4.0,49.0,0.7375886524822695,0.5306122448979592,0.6172106824925817,196.0,0.7642033565929949,0.9923992458166392,0.8018459220192127,0.9683069224353628,0.8772496222008517,13189.0,0.5670241987275941,0.7894178647183596,0.6844919786096256,0.2519685039370079,0.3683453237410072,508.0,0.6241924638246751,0.9741338675465472,0.0,0.0,0.0,16.0,0.5,0.999057270798963,0.6318407960199005,0.08292523669604962,0.14660894660894658,3063.0,0.5361423221369384,0.8257718595333491,0.7661538725395102,0.7811100636342211,0.7263257829895837,16972.0,0.5653758967263047,0.8040494106026151,0.0,1.6676030158996582,0.006609439849853516,2.3130884170532227
0,20.0,2.0,44.0,0.7322834645669292,0.4744897959183674,0.5758513931888546,196.0,0.7362314851424921,0.9919274055742148,0.8036354487703629,0.968835304822566,0.8785368033829546,13188.0,0.5717821779201384,0.7918213422897885,0.6614583333333334,0.25,0.3628571428571429,508.0,0.6230258762072526,0.9737198750810204,0.0,0.0,0.0,16.0,0.5,0.9990572152495434,0.634703196347032,0.09076069213189683,0.15881176806626676,3063.0,0.5396282609350885,0.8264686818690707,0.7673082659350042,0.7822167226445113,0.72887762125024,16971.0,0.5693443663812489,0.806025915865912,0.0,1.7059183120727541,0.004360675811767578,2.335415840148926
0,1.0,4.0,45.0,0.7404580152671756,0.4923857868020304,0.5914634146341463,197.0,0.7451796013941009,0.9921055732296452,0.8024335173105871,0.9700507999090152,0.8783166855456013,13189.0,0.5689091516057625,0.7911511723812891,0.6811594202898551,0.2770137524557957,0.393854748603352,509.0,0.6365026247854442,0.9744314834452692,0.0,0.0,0.0,16.0,0.5,0.9990573818781666,0.6363636363636364,0.08455762324518445,0.14927953890489912,3063.0,0.5369592803164317,0.8260869565217391,0.7673534730721292,0.7830210910804759,0.7280754302491266,16974.0,0.5671514842481479,0.8054797043403349,0.0,2.266687631607056,0.04902911186218262,3.0709421634674072
0,3.0,5.0,43.0,0.7338129496402878,0.5177664974619289,0.6071428571428572,197.0,0.7577805486057929,0.9922234004948746,0.8028275212064091,0.9687618469937068,0.8780236393622869,13189.0,0.5698498799037227,0.7908566042182161,0.6778846153846154,0.2770137524557957,0.393305439330544,509.0,0.6364722573393463,0.9743725698126546,0.0,0.0,0.0,16.0,0.5,0.9990573818781666,0.6408450704225352,0.08912830558276198,0.15649183147033535,3063.0,0.5390649075897421,0.8266171792152704,0.7682929803349513,0.7831389183457051,0.7293147090149187,16974.0,0.5684077427276215,0.8053461022158953,0.0,1.9125335216522217,0.01535177230834961,2.514964818954468
0,12.0,4.0,43.0,0.7388059701492538,0.5025380710659898,0.5981873111782477,197.0,0.7502259408199949,0.99216448686226,0.8031179280864974,0.9686860262339828,0.8781661339657009,13189.0,0.5706045719016677,0.7911511723812891,0.676923076923077,0.2593320235756385,0.3750000000000001,509.0,0.6277528626836589,0.9740780016495816,0.0,0.0,0.0,16.0,0.5,0.9990573818781666,0.6284403669724771,0.08945478289258897,0.1566161760503001,3063.0,0.5389046612327943,0.8261458701543537,0.7663092859575091,0.7824319547543301,0.7287950034416056,16974.0,0.5686160830455205,0.8054804193284529,0.0,1.9048147201538088,0.020278453826904297,2.6562159061431885
0,9.0,4.0,48.0,0.7388059701492538,0.5051020408163265,0.6,196.0,0.7515079256951633,0.9922229423201556,0.8027010050251256,0.968913488513155,0.8780102373836272,13189.0,0.5694197463707424,0.790785364991457,0.6961325966850829,0.2475442043222004,0.3652173913043478,509.0,0.6221017911795648,0.9741943086077888,0.0,0.0,0.0,16.0,0.5,0.9990573263418372,0.6195121951219512,0.08292523669604962,0.1462712352433055,3063.0,0.5358551417125107,0.8253107877216757,0.7649517981969527,0.7811229599952866,0.7265422415941093,16973.0,0.5669797147879452,0.8050386283309611,0.0,1.9503629207611084,0.020647287368774414,2.683441400527954
0,2.0,5.0,45.0,0.7318840579710145,0.5126903553299492,0.6029850746268657,197.0,0.7552424775398032,0.99216448686226,0.8025009425662938,0.9683069224353628,0.8776414802597671,13189.0,0.5689619156430447,0.7902085542594557,0.6633165829145728,0.2593320235756385,0.3728813559322034,509.0,0.6276313928992677,0.9738423471191232,0.0,0.0,0.0,16.0,0.5,0.9990573818781666,0.6405867970660146,0.08553705517466538,0.15092165898617513,3063.0,0.5374849390602677,0.8263226110521975,0.7675333799366006,0.7815482502651113,0.7273519025858197,16974.0,0.5671381065640854,0.8047728205777303,0.0,2.3752658367156982,0.0041408538818359375,3.119706153869629
0,4.0,2.0,47.0,0.7430555555555556,0.5431472081218274,0.6275659824046921,197.0,0.7704709039357422,0.9925179686579476,0.8024211252587342,0.9699749791492912,0.8782781820678291,13189.0,0.5688712412259005,0.7910922587486744,0.6943005181347149,0.2632612966601179,0.3817663817663817,509.0,0.6298389690102897,0.9744314834452692,0.0,0.0,0.0,16.0,0.5,0.9990573818781666,0.6372795969773299,0.08259875938622266,0.146242774566474,3063.0,0.5361236195033335,0.82596912925651,0.7679333412721823,0.7827854365500176,0.7275540325581785,16974.0,0.5670649375732704,0.8054174517826244,0.0,1.7256016731262207,0.00768733024597168,2.3626468181610107
0,8.0,4.0,50.0,0.7375886524822695,0.5279187817258884,0.6153846153846154,197.0,0.7628566250069594,0.992340776527426,0.8031911552233181,0.9695177434030936,0.8785515511732573,13188.0,0.570888330089922,0.7917280386496199,0.6748768472906403,0.2691552062868369,0.3848314606741573,509.0,0.6325732299655761,0.9741943086077888,0.0,0.0,0.0,16.0,0.5,0.9990573263418372,0.6223776223776224,0.0871694417238002,0.15292096219931273,3063.0,0.5377615720480972,0.8257232074471219,0.7651944200929547,0.7832439757261533,0.7289132591058345,16973.0,0.5689213174800013,0.8058587469157167,0.0,1.7643911838531494,0.00303339958190918,2.29628324508667
0,15.0,5.0,49.0,0.746268656716418,0.5102040816326531,0.6060606060606061,196.0,0.7540886884081243,0.9923403252415745,0.8025405609357313,0.9676245355978468,0.8773847581726306,13189.0,0.5687977290730444,0.7898303087438133,0.6702127659574468,0.2480314960629921,0.3620689655172414,508.0,0.622132852015947,0.9738392646712232,0.0,0.0,0.0,16.0,0.5,0.999057270798963,0.6380090497737556,0.0920666013712047,0.1609129814550642,3063.0,0.5402816291060496,0.8267145887343861,0.7674797265767838,0.7818760311100637,0.7286956723430548,16972.0,0.5673226932859007,0.8045305617398476,0.0,2.163323163986206,0.04079413414001465,3.0101006031036377
0,15.0,4.0,44.0,0.746268656716418,0.5076142131979695,0.6042296072507553,197.0,0.7527938749861585,0.992282768777614,0.8030693754324172,0.9680794601561908,0.877887788778878,13189.0,0.5705426355191942,0.7907511045655375,0.6875,0.28094302554027506,0.398884239888424,509.0,0.6384977486501325,0.9746097201767304,0.0,0.0,0.0,16.0,0.5,0.9990574374079528,0.6336405529953917,0.08975195822454309,0.15723270440251572,3064.0,0.5391610772360586,0.8263328424153167,0.7676058363669611,0.7826804123711341,0.7294426134448033,16975.0,0.5689644835316127,0.8052218626976776,0.0,1.7954940795898438,0.003193855285644531,2.288655996322632
0,1.0,3.0,46.0,0.7518248175182481,0.5228426395939086,0.6167664670658682,197.0,0.7604079673887522,0.9924586107346964,0.8030598753384122,0.9671671216257204,0.8775067937119466,13188.0,0.5703735211827413,0.7901961939551052,0.6831683168316832,0.27111984282907664,0.3881856540084389,509.0,0.6336162868178425,0.9743710599186944,0.0,0.0,0.0,16.0,0.5,0.9990573263418372,0.6343825665859564,0.08553705517466538,0.15074798619102414,3063.0,0.5373407777670595,0.8260767100689329,0.7676727508239077,0.7811229599952866,0.7278259688374791,16973.0,0.5684482330303636,0.8047389678816881,0.0,2.2481255531311035,0.04597043991088867,3.072153329849243
0,5.0,5.0,45.0,0.7536231884057971,0.5279187817258884,0.6208955223880598,197.0,0.7629460384547422,0.9925175278383316,0.8024497487437185,0.9686102054742588,0.8777354082929678,13189.0,0.5687395636250787,0.7903140281623755,0.6732673267326733,0.2677165354330709,0.38309859154929576,508.0,0.6318540162740817,0.9741943086077888,0.0,0.0,0.0,16.0,0.5,0.9990573263418372,0.6170731707317073,0.08259875938622266,0.1456953642384106,3063.0,0.5356559576945492,0.8251929535144052,0.763806541461631,0.7817121310316385,0.7270163025426085,16973.0,0.5668474938380006,0.8046555890547676,0.0,2.214833974838257,0.003961801528930664,2.823726177215576
0,20.0,4.0,44.0,0.7846153846153846,0.5177664974619289,0.6238532110091743,197.0,0.7580487729605645,0.9927536231884058,0.8025001570450405,0.9686102054742588,0.877765562731895,13189.0,0.5689814567661915,0.7903852951572994,0.7093596059113301,0.2829076620825147,0.4044943820224719,509.0,0.6396621517214882,0.9750206197714152,0.0,0.0,0.0,16.0,0.5,0.9990573818781666,0.633177570093458,0.08847535096310806,0.15525637353193925,3063.0,0.5385946591635322,0.8262636974195829,0.7681884493131496,0.7830800047130906,0.7294207023693613,16974.0,0.567746878626527,0.8049416896646413,0.0,2.1270039081573486,0.0035247802734375,2.967705249786377
0,2.0,3.0,51.0,0.75,0.5177664974619289,0.6126126126126126,197.0,0.7578700171181382,0.99240058910162,0.8041847860339069,0.9674728940783986,0.8783039647577093,13189.0,0.5734089245880636,0.7916936671575847,0.6831683168316832,0.27111984282907664,0.3881856540084389,509.0,0.6336165228963797,0.9743740795287188,0.0,0.0,0.0,16.0,0.5,0.9990574374079528,0.6412556053811659,0.0933420365535248,0.16296296296296295,3064.0,0.5409201736214537,0.8269219440353461,0.7697604118501571,0.7826804123711341,0.7305767712685083,16975.0,0.5714215565180933,0.806054836771567,0.0,2.239044427871704,0.022117137908935547,3.0863454341888428
0,6.0,5.0,48.0,0.7142857142857143,0.5102040816326531,0.5952380952380952,196.0,0.7539098615125591,0.9919868017911856,0.8020839871947775,0.9688376677534308,0.8776098901098901,13189.0,0.5676860820924172,0.7900070704690078,0.6983240223463687,0.24606299212598426,0.3639010189228529,508.0,0.6213915543720301,0.9742517086966768,0.0,0.0,0.0,16.0,0.5,0.999057270798963,0.6287878787878788,0.08129285014691479,0.14397224631396358,3063.0,0.5353620768097432,0.8255361772330898,0.7659328059858087,0.780815460758897,0.7257431189841201,16972.0,0.5655467252216938,0.8044635140692002,0.0,2.1881356239318848,0.005937099456787109,2.867804527282715
0,5.0,4.0,50.0,0.7007874015748031,0.4517766497461929,0.5493827160493828,197.0,0.7247558895411141,0.99139911634757,0.8023707977922729,0.9699749791492912,0.8782480348745408,13189.0,0.5688490849259398,0.7910456553755523,0.6907216494845361,0.2632612966601179,0.3812233285917497,509.0,0.6298087122192852,0.9743740795287188,0.0,0.0,0.0,16.0,0.5,0.9990574374079528,0.6328502415458938,0.08550913838120104,0.15066129959746982,3064.0,0.5372912667680572,0.8259793814432991,0.7664891917453179,0.7822091310751105,0.7273702870834696,16975.0,0.566725217509559,0.8053695979316373,0.0,2.223996877670288,0.022446870803833008,3.123403310775757
0,9.0,3.0,49.0,0.7307692307692307,0.4822335025380711,0.5810397553516818,197.0,0.7400736565560355,0.9919288323318016,0.8024962368289011,0.9701266206687392,0.8783853362166616,13189.0,0.5690791623819257,0.7912689996465182,0.6408839779005525,0.22789783889980356,0.33623188405797105,509.0,0.6119750354535458,0.9730175562625192,0.0,0.0,0.0,16.0,0.5,0.9990573818781666,0.6342710997442456,0.08096637283708782,0.14360162130862766,3063.0,0.5353433690078616,0.8257334747260516,0.7657044143552445,0.7808412866737363,0.7252552625320882,16974.0,0.5661972201787259,0.8054630201273042,0.0,2.2411730289459233,0.04284381866455078,3.1831285953521733
0,6.0,2.0,43.0,0.7426470588235294,0.5126903553299492,0.6066066066066067,197.0,0.7553021451223592,0.992282768777614,0.8017030868449064,0.9708090075062552,0.8781893004115227,13189.0,0.5671530510325782,0.7907511045655375,0.6600985221674877,0.2632612966601179,0.3764044943820225,509.0,0.6295354218026691,0.9738438880706922,0.0,0.0,0.0,16.0,0.5,0.9990574374079528,0.6296296296296297,0.08322454308093995,0.14701643124819833,3064.0,0.536220854676118,0.8256848306332842,0.7649566312785947,0.7831516936671575,0.7271863574441239,16975.0,0.5655605502847106,0.805081932409482,0.0,1.8724994659423828,0.0031740665435791016,2.4910686016082764
0,13.0,5.0,47.0,0.7099236641221374,0.4720812182741117,0.5670731707317074,197.0,0.7349080387984769,0.9916337712838036,0.8027283585842709,0.9681552809159149,0.8777151498487765,13189.0,0.569437048491784,0.7903729452660108,0.6736842105263158,0.2519685039370079,0.3667621776504298,508.0,0.6241014703104414,0.973958640193248,0.0,0.0,0.0,16.0,0.5,0.9990573263418372,0.6310904872389791,0.08880182827293504,0.15569547796222094,3063.0,0.538685601411809,0.8261945442762034,0.7660579169598996,0.7813586284098274,0.7276915666785106,16973.0,0.5673787580418025,0.8048648102052657,0.0,2.19741439819336,0.020618438720703125,2.8071188926696777
0,9.0,5.0,49.0,0.75,0.5025380710659898,0.6018237082066868,197.0,0.7502855462321664,0.9922823141274892,0.8030160226201697,0.9689893092728791,0.8782297965915338,13189.0,0.5703599122322123,0.7912100860139036,0.6989795918367347,0.2691552062868369,0.3886524822695035,509.0,0.6327859238236493,0.9746082243431129,0.0,0.0,0.0,16.0,0.5,0.9990573818781666,0.6386363636363637,0.09174012406137773,0.16043391378818153,3063.0,0.5401551601544758,0.8267350064804996,0.7688613241664015,0.7833745728761635,0.7299849917032422,16974.0,0.5688032535535397,0.8056497743296193,0.0,2.237257719039917,0.03736734390258789,3.1716253757476807
0,14.0,4.0,48.0,0.7234042553191491,0.5177664974619289,0.6035502958579883,197.0,0.7577209431936216,0.9921055732296452,0.8016052169551041,0.9692925923117751,0.8775096955760717,13189.0,0.5666806422589259,0.7897372451985389,0.6818181818181818,0.26522593320235754,0.38189533239038187,509.0,0.6306998174970185,0.9742547425474256,0.0,0.0,0.0,16.0,0.5,0.9990573818781666,0.6300268096514745,0.07672216780933726,0.13678696158323633,3063.0,0.5334009803894648,0.8252621656651349,0.7653882065056357,0.7809591139389654,0.7249757258603152,16974.0,0.5647493476258414,0.8042269306202879,0.0,1.8032588958740237,0.004708766937255859,2.344428062438965
0,13.0,2.0,41.0,0.7761194029850746,0.5279187817258884,0.6283987915407855,197.0,0.7630653096803728,0.9927536231884058,0.8025225903614458,0.969671696110395,0.8782145922746781,13189.0,0.5691159008953561,0.7910333451160598,0.702020202020202,0.2730844793713163,0.3932107496463932,509.0,0.6347505603658891,0.974726051608342,0.0,0.0,0.0,16.0,0.5,0.9990573818781666,0.6261904761904762,0.08586353248449233,0.15101923629055414,3063.0,0.5372887499242244,0.8257923883586662,0.7666263507755909,0.7832567456109344,0.7287193950614025,16974.0,0.5675266265559104,0.8053513500898504,0.0,2.209597110748291,0.002916812896728516,2.879112720489502
0,10.0,1.0,52.0,0.7384615384615385,0.4897959183673469,0.5889570552147239,196.0,0.7438846067754713,0.9921046429413152,0.8033178333542792,0.9693660903851988,0.8785650470758023,13188.0,0.5710995356788573,0.7917746877209522,0.7035175879396985,0.275049115913556,0.3954802259887006,509.0,0.6357326609756688,0.9747819938722602,0.0,0.0,0.0,16.0,0.5,0.999057270798963,0.6504629629629629,0.09174012406137773,0.1608011444921316,3063.0,0.5404419219774859,0.8271859533349045,0.7712321798038863,0.7837025689370728,0.730366766690161,16972.0,0.5694333956466191,0.8061628928799782,0.0,1.9859960079193115,0.012377262115478516,2.6187913417816158
0,17.0,5.0,50.0,0.6971830985915493,0.5025380710659898,0.584070796460177,197.0,0.7499875191713092,0.9916931778013433,0.8017430559909712,0.969520054590947,0.8776854966023749,13189.0,0.5670585741911143,0.7900318133616119,0.66,0.2593320235756385,0.3723554301833569,509.0,0.62760102545317,0.9737834334865088,0.0,0.0,0.0,16.0,0.5,0.9990573818781666,0.6304909560723514,0.07966046359777995,0.14144927536231885,3063.0,0.5346904143882079,0.8254978201955933,0.7646204804016182,0.7813125957346531,0.7254414991156762,16974.0,0.5650930091616648,0.8044794186088695,0.0,2.2441270351409908,0.010973691940307615,2.93123197555542
0,18.0,4.0,47.0,0.7575757575757576,0.5102040816326531,0.6097560975609756,196.0,0.7541483542215837,0.9924586107346964,0.8031416902293433,0.9691409507923271,0.8783672347443651,13189.0,0.5705905599627596,0.7914334531314441,0.6934673366834171,0.27111984282907664,0.3898305084745763,509.0,0.6337073946895626,0.9745478112296,0.0,0.0,0.0,16.0,0.5,0.9990573263418372,0.6430107526881721,0.09761671563826314,0.16950113378684808,3063.0,0.5428414275531359,0.827372886348907,0.7696716791831372,0.7847169033170329,0.7318625673580427,16973.0,0.5695288004046727,0.8059276854462178,0.0,2.2788410186767583,0.06282544136047362,3.268927335739136
0,19.0,3.0,44.0,0.7142857142857143,0.4822335025380711,0.5757575757575757,197.0,0.7399842484377784,0.9917520914339578,0.8038907076303198,0.9681552809159149,0.8784095208612802,13189.0,0.5725849059797539,0.7917403087074352,0.7070707070707071,0.275049115913556,0.3960396039603961,509.0,0.6357632460831065,0.9748438788735714,0.0,0.0,0.0,16.0,0.5,0.9990573818781666,0.6461187214611872,0.09239307868103168,0.16166809483004854,3063.0,0.5406254085806855,0.8270884882761871,0.7707193037813821,0.7827854365500176,0.7302663453484121,16974.0,0.5705866820223964,0.806126463155503,0.0,1.857532024383545,0.006802082061767578,2.6202900409698486
0,1.0,2.0,45.0,0.7299270072992701,0.5076142131979695,0.5988023952095809,197.0,0.7527044064738134,0.9921055732296452,0.8044108380592313,0.9679278186367428,0.8786262431604666,13189.0,0.5739242791994811,0.7922116177683516,0.6968085106382979,0.2578740157480315,0.3764367816091954,508.0,0.6272061685687808,0.9744314834452692,0.0,0.0,0.0,16.0,0.5,0.9990573818781666,0.6377440347071583,0.09595300261096604,0.16680851063829788,3064.0,0.5419736256764391,0.826970661010958,0.7694825385500264,0.7830210910804759,0.7310296190970247,16974.0,0.5717566872359401,0.8064544622193267,0.0,1.8563086986541748,0.013318300247192385,2.6195013523101807
0,16.0,4.0,44.0,0.7175572519083969,0.4771573604060914,0.573170731707317,197.0,0.7374759800778742,0.9917520914339578,0.8020342814089282,0.9685343847145348,0.8774556944635252,13189.0,0.5677546428196187,0.7897961588311535,0.6716417910447762,0.265748031496063,0.38081805359661497,508.0,0.6308698860261804,0.9741369152821964,0.0,0.0,0.0,16.0,0.5,0.9990573818781666,0.6306954436450839,0.0858355091383812,0.1511060040218328,3064.0,0.537382168659773,0.8259102156238953,0.7654668189765284,0.7815482502651113,0.7271192503815099,16974.0,0.5660669034463377,0.8043732810522914,0.0,2.4880712032318115,0.059590816497802734,3.2217109203338623
0,5.0,1.0,47.0,0.7238805970149254,0.4948979591836735,0.5878787878787879,196.0,0.7463462794666653,0.9919872739056148,0.8021598543354053,0.9686860262339828,0.8775930759719741,13189.0,0.5679846621656173,0.7900194426441997,0.6666666666666666,0.2671905697445973,0.3814866760168303,509.0,0.6315301731133094,0.9740175572968832,0.0,0.0,0.0,16.0,0.5,0.9990573263418372,0.6180371352785146,0.07606921318968332,0.13546511627906976,3063.0,0.5328584743159057,0.8247805337889589,0.7632090964788788,0.7801802863371237,0.7246159011768083,16973.0,0.565546924233906,0.8043397492252996,0.0,2.20473051071167,0.04178142547607422,3.1530866622924805
0,8.0,3.0,47.0,0.746268656716418,0.5102040816326531,0.6060606060606061,196.0,0.7540887488094121,0.992340776527426,0.8013531291110694,0.9698991583895672,0.8776070252469813,13189.0,0.565948522112331,0.7897837742296588,0.6752577319587629,0.25736738703339884,0.3726884779516359,509.0,0.6267704282105769,0.9740175572968832,1.0,0.0625,0.1176470588235294,16.0,0.53125,0.9991162434454722,0.6331658291457286,0.08227228207639567,0.1456226524125975,3063.0,0.5358881180331655,0.8257821245507571,0.766771236481629,0.78218346786072,0.7265168153731609,16973.0,0.5644875924350998,0.8043415091364258,0.0,2.2676146030426025,0.004595041275024414,3.060520648956299
0,5.0,3.0,47.0,0.7518796992481203,0.5076142131979695,0.606060606060606,197.0,0.7528235586733768,0.992340776527426,0.8015688735487919,0.968531998786776,0.8771761150980325,13188.0,0.5665645462890286,0.7892535202969422,0.6648936170212766,0.2455795677799607,0.35868005738880915,509.0,0.6208765185838578,0.9736640546750722,0.0,0.0,0.0,16.0,0.5,0.9990573263418372,0.6583143507972665,0.09435194253999347,0.1650485436893204,3063.0,0.5417841668127716,0.8277263889707182,0.7702856485399873,0.782831556000707,0.7291406577410053,16973.0,0.5658204518013944,0.8042816478595634,0.0,1.9075279235839844,0.004872322082519531,2.455268144607544
0,20.0,5.0,40.0,0.7664233576642335,0.5329949238578681,0.6287425149700598,197.0,0.7655438321756857,0.9926951399116348,0.8031273549359458,0.969671696110395,0.8785765809088723,13189.0,0.5708104914783354,0.7917525773195876,0.6822916666666666,0.25736738703339884,0.3737517831669044,509.0,0.6268313918040794,0.9741384388807071,0.0,0.0,0.0,16.0,0.5,0.9990574374079528,0.6331658291457286,0.08224543080939947,0.145580589254766,3064.0,0.5358750696567305,0.8257437407952872,0.7676429245682409,0.7821502209131075,0.7274054423661136,16975.0,0.5683776199648233,0.8058842940215728,0.0,1.97536039352417,0.02834630012512207,2.719091415405273
0,4.0,1.0,45.0,0.746268656716418,0.5102040816326531,0.6060606060606061,196.0,0.7540888092035002,0.9923412277601036,0.8049241231660474,0.9692167715520509,0.8794633642930857,13189.0,0.5753613580349423,0.7935666313184871,0.6923076923076923,0.26522593320235754,0.3835227272727272,509.0,0.6307909198353119,0.9744314834452692,0.0,0.0,0.0,16.0,0.5,0.9990573818781666,0.6373626373626373,0.09464751958224543,0.16481955100880932,3064.0,0.5413927748881752,0.8268528337457287,0.7698643014856342,0.784022622834924,0.73160423959716,16974.0,0.5728845527383223,0.8074877345870809,0.0,1.9269397258758545,0.003342151641845703,2.584151029586792
0,9.0,2.0,48.0,0.7571428571428571,0.5380710659898477,0.6290801186943621,197.0,0.7680222409880096,0.9926357959231766,0.8020317301059761,0.9697475168701192,0.877951674903899,13189.0,0.5678328073122061,0.7905031224225286,0.7142857142857143,0.2946954813359529,0.4172461752433936,509.0,0.6455256939021095,0.9753151879344879,0.0,0.0,0.0,16.0,0.5,0.9990573818781666,0.6205128205128205,0.07900750897812601,0.14016796988126265,3063.0,0.5341842231829024,0.8250854247672912,0.7653679644766737,0.7828443501826322,0.7272856261715276,16974.0,0.5663500725180115,0.8048280863826154,0.0,2.2144582271575928,0.006986618041992188,2.877708196640014
0,10.0,5.0,48.0,0.7557251908396947,0.5025380710659898,0.6036585365853657,197.0,0.7503153489382521,0.9923412277601036,0.8008885551592516,0.9704299037076352,0.8775454233801852,13189.0,0.5648714908234345,0.7895605043006951,0.6923076923076923,0.2475442043222004,0.3646888567293777,509.0,0.6220715251796244,0.9741369152821964,0.0,0.0,0.0,16.0,0.5,0.9990573818781666,0.6272040302267002,0.08129285014691479,0.1439306358381503,3063.0,0.5353268937672968,0.8254978201955933,0.7650116399528566,0.7819606456934135,0.7257778653420577,16974.0,0.5633464650722736,0.8041313269905974,0.0,2.233704805374145,0.07599925994873047,3.0979771614074707
0,6.0,3.0,45.0,0.7368421052631579,0.4974619289340101,0.5939393939393939,197.0,0.747687869754005,0.9921055732296452,0.8031911552233181,0.9694442338312229,0.878521368695891,13189.0,0.5708515753039867,0.7916813950748203,0.6855670103092784,0.26129666011787817,0.3783783783783784,509.0,0.6287959158469744,0.9742547425474256,0.0,0.0,0.0,16.0,0.5,0.9990573818781666,0.6428571428571429,0.08521057786483839,0.15047564139521474,3063.0,0.5373935859635457,0.8263815246848121,0.7692041403202566,0.7822552138564864,0.7280149567882823,16974.0,0.5685371516435883,0.8059395492956472,0.0,2.5298800468444824,0.01465463638305664,3.297496795654297
0,17.0,4.0,49.0,0.7404580152671756,0.4948979591836735,0.5932721712538226,196.0,0.7464356271836345,0.99216356351638,0.8024761186525893,0.9681552809159149,0.8775643448678739,13189.0,0.5686665910262894,0.7900659910440726,0.66,0.2598425196850393,0.37288135593220334,508.0,0.6278561480835304,0.9738392646712232,0.0,0.0,0.0,16.0,0.5,0.999057270798963,0.6223277909738717,0.08553705517466538,0.15040183696900114,3063.0,0.537052803955152,0.8255950978081547,0.7642268043633241,0.7812868253594155,0.7271141907540507,16972.0,0.5667209942089787,0.8045096312574609,0.0,1.704540729522705,0.01265406608581543,2.443061828613281
0,5.0,2.0,47.0,0.7272727272727273,0.5279187817258884,0.611764705882353,197.0,0.7627970853256014,0.9922234004948746,0.8031827902880866,0.9681552809159149,0.8779867294667721,13189.0,0.5707355004315373,0.7909155178508307,0.703125,0.26522593320235754,0.3851640513552068,509.0,0.6308820221736052,0.9746082243431129,0.0,0.0,0.0,16.0,0.5,0.9990573818781666,0.6619385342789598,0.09141364675155077,0.1606425702811245,3063.0,0.5405670059650931,0.8276187109697184,0.7730563746835605,0.7828443501826322,0.7298445455936706,16974.0,0.5692575250122621,0.8055796742566891,0.0,2.183950185775757,0.06220149993896485,3.079410552978516
0,2.0,2.0,50.0,0.7234042553191491,0.5204081632653061,0.6053412462908012,196.0,0.75904170681148,0.99216356351638,0.8025737602008789,0.9694419168941462,0.8781509719074113,13188.0,0.5691554193350223,0.7909497996700448,0.6734693877551021,0.2593320235756385,0.37446808510638296,509.0,0.627722259130345,0.9740160263964176,0.0,0.0,0.0,16.0,0.5,0.999057270798963,0.6352040816326531,0.08129285014691479,0.14413892908827786,3063.0,0.5355058685992321,0.8257718595333491,0.766825123967706,0.7817581899599341,0.7265969654079945,16972.0,0.5669667069374333,0.8052444199868588,0.0,2.132922887802124,0.009958982467651369,2.8295993804931636
0,20.0,3.0,48.0,0.7142857142857143,0.4822335025380711,0.5757575757575757,197.0,0.7399842484377784,0.9917520914339578,0.8011267605633803,0.9703540829479111,0.877657385818132,13189.0,0.5654940824250785,0.7897961588311535,0.6927083333333334,0.26129666011787817,0.3794579172610556,509.0,0.6288566507391699,0.9743725698126546,0.0,0.0,0.0,16.0,0.5,0.9990573818781666,0.6477832512315271,0.08586353248449233,0.15162871144422024,3063.0,0.537791948831564,0.8266171792152704,0.7684413674427678,0.7829032638152469,0.7273730603875992,16974.0,0.5643586146190598,0.8045166535240744,0.0,1.670555591583252,0.015939950942993164,2.20805025100708
0,8.0,1.0,45.0,0.7222222222222222,0.4619289340101523,0.5634674922600619,197.0,0.7299213722920762,0.9916931778013433,0.8042314715698003,0.9683827431950868,0.8787065703474372,13189.0,0.5734912394971471,0.7922705314009661,0.6787564766839378,0.25736738703339884,0.3732193732193733,509.0,0.6268009118586368,0.9740780016495816,0.0,0.0,0.0,16.0,0.5,0.9990573818781666,0.6425438596491229,0.09565785177930132,0.16652458084683147,3063.0,0.5419702528970549,0.8272063155414163,0.7695820398874316,0.7827854365500176,0.7305465714852178,16974.0,0.571148050950226,0.8065360645768385,0.0,1.7982621192932131,0.010343551635742188,2.526371717453003
0,11.0,2.0,48.0,0.71875,0.467005076142132,0.5661538461538461,197.0,0.7324296406519804,0.9916931778013433,0.803240595365195,0.9697475168701192,0.8786754602912887,13189.0,0.5710032168234347,0.7919170496052786,0.700507614213198,0.27111984282907664,0.3909348441926346,509.0,0.6337682420947691,0.9746671379757276,0.0,0.0,0.0,16.0,0.5,0.9990573818781666,0.6524822695035462,0.0901077375122429,0.15834767641996558,3063.0,0.5397702802290566,0.8271474019088016,0.7712174814065887,0.7833156592435491,0.7296092684130152,16974.0,0.5690558777813455,0.8062684403592105,0.0,2.1657724380493164,0.008522987365722656,2.8963077068328857
0,13.0,1.0,49.0,0.7440000000000001,0.4744897959183674,0.5794392523364486,196.0,0.7362911545161698,0.9920457223662504,0.8022102222780358,0.9687594783136184,0.8776533626434017,13188.0,0.5681535235119889,0.7901249116191374,0.6864864864864865,0.2495088408644401,0.3659942363112392,509.0,0.622992894586384,0.9740749469714824,0.0,0.0,0.0,16.0,0.5,0.999057270798963,0.6466346153846154,0.08782239634345412,0.15464213854555905,3063.0,0.5386268499080129,0.8267145887343861,0.7692337885898796,0.7815814282347395,0.7275525911293067,16972.0,0.5663468747922455,0.8047739892559309,0.0,2.0931875705718994,0.020026206970214844,2.9443025588989262
0,19.0,2.0,44.0,0.7625899280575541,0.5380710659898477,0.6309523809523809,197.0,0.7680520436940954,0.9926947095557912,0.8014931927975406,0.9686102054742588,0.8771628673441363,13189.0,0.5663394488401677,0.7892070225050076,0.6515151515151515,0.25343811394891946,0.36492220650636503,509.0,0.6246237031937127,0.9735477789560504,0.0,0.0,0.0,16.0,0.5,0.9990573818781666,0.6314496314496314,0.08390466862553053,0.14812680115273774,3063.0,0.5365609174484133,0.8258513019912808,0.7651040042939515,0.7816071638977259,0.7265615925233891,16974.0,0.5649921526116884,0.8039068901377997,0.0,2.2917168140411377,0.0348355770111084,3.1161496639251713
0,18.0,5.0,50.0,0.7372262773722628,0.5126903553299492,0.6047904191616766,197.0,0.755272216291584,0.9922229423201556,0.8004002001000501,0.9705057244673592,0.8772831637024091,13189.0,0.563476963713595,0.7890178518824015,0.7021276595744681,0.2598425196850393,0.3793103448275862,508.0,0.6282206828610438,0.9745478112296,0.0,0.0,0.0,16.0,0.5,0.9990573263418372,0.6566757493188011,0.07868103166829905,0.14052478134110788,3063.0,0.5348114000900805,0.8263123784834737,0.7700342006121023,0.7820656336534496,0.7254314746400843,16973.0,0.5624079259056958,0.8038575613465533,0.0,1.6504456996917725,0.004662036895751953,2.2997517585754395
0,19.0,1.0,44.0,0.7307692307692307,0.4822335025380711,0.5810397553516818,197.0,0.7400735943782392,0.9919283568019795,0.8020199485603162,0.969368413071499,0.8777892207346379,13189.0,0.5676651790516057,0.7902551110587404,0.6683937823834197,0.2539370078740157,0.3680456490727532,508.0,0.6250249873867497,0.9738997230896128,0.0,0.0,0.0,16.0,0.5,0.9990573263418372,0.6287128712871287,0.08292523669604962,0.14652437265647533,3063.0,0.5360708138907997,0.8256642903434868,0.7651619752681791,0.7814175455134625,0.7262945977286965,16973.0,0.5656176363132109,0.8046792107415782,0.0,2.1792659759521484,0.08006048202514647,3.298083782196045
0,11.0,3.0,44.0,0.7686567164179104,0.5228426395939086,0.622356495468278,197.0,0.7604973808365347,0.992635362045602,0.8010517090271692,0.970276008492569,0.8775804128660585,13188.0,0.5653229448011061,0.7896659400223885,0.6798029556650246,0.27111984282907664,0.3876404494382023,509.0,0.6335859175272691,0.9743121428150592,1.0,0.0625,0.1176470588235294,16.0,0.53125,0.9991162434454722,0.6330749354005168,0.07998694090760693,0.14202898550724638,3063.0,0.5348892289009637,0.8256053732398515,0.7669135417044668,0.7825958875861663,0.7264691473987361,16973.0,0.5641111129562727,0.8042422425122194,0.0,2.0445315837860107,0.022013425827026367,3.0323574542999268
0,12.0,2.0,48.0,0.7071428571428572,0.5025380710659898,0.5875370919881305,197.0,0.7500471245834808,0.9918110050665724,0.8029969149405024,0.9670179695200546,0.8774078150798018,13189.0,0.5701668447336072,0.7900318133616119,0.6666666666666666,0.2475442043222004,0.3610315186246417,509.0,0.6218589530569398,0.9737245198538942,1.0,0.0625,0.1176470588235294,16.0,0.53125,0.9991162955107812,0.63,0.08227228207639567,0.1455385503898354,3063.0,0.5358166097320373,0.8256745610934371,0.7667642740273809,0.7795451867562154,0.7257752124410484,16974.0,0.5675693579268118,0.8045109683272899,0.0,1.8791825771331787,0.0030319690704345703,2.5356476306915283
0,18.0,2.0,51.0,0.7407407407407407,0.5076142131979695,0.6024096385542168,197.0,0.7527640740563694,0.9922238586156112,0.8033251464197997,0.9671696110395026,0.8776661621026559,13189.0,0.5711442349967719,0.7905154639175258,0.6958762886597938,0.26522593320235754,0.3840682788051209,509.0,0.6308213960922514,0.9744918998527246,0.0,0.0,0.0,16.0,0.5,0.9990574374079528,0.6408450704225352,0.08909921671018277,0.15644699140401147,3064.0,0.5390503631534523,0.8265684830633284,0.7692919946249867,0.7813843888070692,0.7286632133337737,16975.0,0.5691813986023365,0.8050770946618628,0.0,1.7736074924468994,0.003444194793701172,2.3705363273620605
0,3.0,2.0,43.0,0.7555555555555555,0.5204081632653061,0.6163141993957704,196.0,0.7592205337070451,0.9925170869667688,0.8022474731621569,0.9689869578404612,0.8777690009272933,13188.0,0.5682672632754102,0.7903016733443319,0.6891191709844561,0.26129666011787817,0.3789173789173789,509.0,0.6288260619425569,0.9743106292717416,0.0,0.0,0.0,16.0,0.5,0.999057270798963,0.6395348837209303,0.08978126020241592,0.1574577726882336,3063.0,0.5393186982585162,0.8265967475842564,0.7681938234633346,0.7829955220362951,0.7289640154916167,16972.0,0.5669998545237619,0.8049025855287069,0.0,1.7537267208099363,0.0033435821533203125,2.283499002456665
0,19.0,5.0,46.0,0.7310344827586207,0.5380710659898477,0.6198830409356725,197.0,0.7678731581737508,0.992340776527426,0.8025325977933802,0.9707309675462542,0.8786547700754976,13188.0,0.5692492354243821,0.7916691215459848,0.676923076923077,0.2593320235756385,0.3750000000000001,509.0,0.6277527464816968,0.9740764744005184,0.0,0.0,0.0,16.0,0.5,0.9990573263418372,0.6318289786223278,0.08684296441397323,0.15269804822043628,3063.0,0.5378499509345207,0.8260767100689329,0.7663736346242019,0.7839509809697756,0.7287106102939485,16973.0,0.5675773567789195,0.8058732288668371,0.0,1.9848544597625728,0.08240675926208496,2.930805921554565
0,4.0,4.0,47.0,0.7461538461538462,0.4923857868020304,0.5932721712538226,197.0,0.7452094041001867,0.99216448686226,0.8024474427361155,0.969520054590947,0.8781074028292817,13189.0,0.5689079797393308,0.7908566042182161,0.6818181818181818,0.26522593320235754,0.38189533239038187,509.0,0.6306998174970185,0.9742547425474256,0.0,0.0,0.0,16.0,0.5,0.9990573818781666,0.6295336787564767,0.07933398628795299,0.14091040881414904,3063.0,0.5345271757332942,0.8254389065629787,0.7662176707031623,0.7813125957346531,0.7260649499255828,16974.0,0.5665380313283158,0.8051292629795577,0.0,2.2914655208587646,0.0089263916015625,3.089860677719116
0,16.0,2.0,51.0,0.7674418604651163,0.5025380710659898,0.607361963190184,197.0,0.7503749010551695,0.9924586107346964,0.8035197988686361,0.9693660903851988,0.8786858203312943,13188.0,0.5717372063550828,0.7920226241677959,0.6931216931216931,0.25736738703339884,0.3753581661891118,509.0,0.6269222746634439,0.9743121428150592,0.0,0.0,0.0,16.0,0.5,0.9990573263418372,0.6215538847117794,0.08096637283708782,0.14326978625072212,3063.0,0.5350554365982707,0.8252518706180404,0.7661947590091511,0.7813586284098274,0.7268986959968063,16973.0,0.5687781990822423,0.8060074819688341,0.0,1.6726622581481934,0.005705356597900391,2.2675034999847408
0,15.0,1.0,49.0,0.7333333333333333,0.5025380710659898,0.5963855421686746,197.0,0.7501961381139093,0.9921055732296452,0.8035613163027748,0.9683069224353628,0.8782752217866722,13189.0,0.5717360239653696,0.7914457405443621,0.6702127659574468,0.2475442043222004,0.3615494978479197,509.0,0.6218893205030377,0.9737834334865088,0.0,0.0,0.0,16.0,0.5,0.9990573818781666,0.6291866028708134,0.08586353248449233,0.15110600402183286,3063.0,0.5373606354824159,0.8259102156238953,0.7665237262784027,0.7811358548368093,0.7274611898594977,16974.0,0.5690404353662298,0.8056572608799639,0.0,2.239236354827881,0.011881589889526369,2.9103918075561523
0,11.0,5.0,44.0,0.7372262773722628,0.5126903553299492,0.6047904191616766,197.0,0.7552722802458889,0.9922234004948746,0.8028664822730701,0.9683827431950868,0.8778911915317729,13189.0,0.5699245287970149,0.7906798633203723,0.6770833333333334,0.2554027504911591,0.3708987161198288,509.0,0.625818593587517,0.9740190880169672,0.0,0.0,0.0,16.0,0.5,0.9990573818781666,0.6325,0.08259875938622266,0.14611608431995382,3063.0,0.5360157911660465,0.8257923883586662,0.7668329520448053,0.7809591139389654,0.7266402527668444,16974.0,0.5675669424997005,0.8050493370262262,0.0,2.180286169052124,0.04253864288330078,2.819287776947021
0,17.0,1.0,46.0,0.7674418604651163,0.5025380710659898,0.607361963190184,197.0,0.7503749543504236,0.9924590550253328,0.8013398447282745,0.9704299037076352,0.8778162614450807,13189.0,0.5660603943901452,0.7900907269942264,0.7058823529411765,0.2593320235756385,0.3793103448275862,509.0,0.6279958022524412,0.9745493107104984,0.0,0.0,0.0,16.0,0.5,0.9990573818781666,0.6487804878048781,0.08684296441397323,0.15318168730204434,3063.0,0.5382457220172088,0.8267350064804996,0.7697988694725015,0.7833156592435491,0.7281391217550983,16974.0,0.5649753103277874,0.8047803036572587,0.0,1.7663779258728027,0.003306150436401367,2.4478991031646733
0,16.0,5.0,41.0,0.7333333333333333,0.5025380710659898,0.5963855421686746,197.0,0.7501961381139093,0.9921055732296452,0.8016176562793905,0.969368413071499,0.8775482188207838,13189.0,0.5667185526387879,0.7897961588311535,0.6715686274509803,0.2691552062868369,0.3842917251051893,509.0,0.6325429842548671,0.9741369152821964,0.0,0.0,0.0,16.0,0.5,0.9990573818781666,0.6246851385390428,0.08096637283708782,0.14335260115606935,3063.0,0.5351277123332876,0.8253799929303641,0.7642418372836801,0.7817249911629551,0.7261791513640938,16974.0,0.5650583357973371,0.8042904361426133,0.0,1.7406263351440432,0.003269195556640625,2.3746910095214844
0,1.0,5.0,47.0,0.7460317460317459,0.4771573604060914,0.5820433436532508,197.0,0.7376249936083028,0.9920466595970308,0.8013647176662075,0.9705815452270832,0.8778932208620511,13189.0,0.5661362151498692,0.7902085542594557,0.6787564766839378,0.25736738703339884,0.3732193732193733,509.0,0.6268009118586368,0.9740780016495816,0.0,0.0,0.0,16.0,0.5,0.9990573818781666,0.6502590673575129,0.08194580476656872,0.14554943461873004,3063.0,0.5361206272053676,0.8263815246848121,0.7690230991643721,0.7821963002238718,0.7263451636535356,16974.0,0.5644669382949539,0.8047891507675177,0.0,1.7758476734161377,0.01586294174194336,2.824869394302368
0,3.0,3.0,43.0,0.7122302158273381,0.5025380710659898,0.5892857142857142,197.0,0.7500768562292276,0.9918694396983444,0.802510985561833,0.9692925923117751,0.8780521309110889,13189.0,0.5689486217372828,0.790785364991457,0.6574585635359116,0.23425196850393698,0.3454281567489115,508.0,0.615243202593906,0.9734283862605314,0.0,0.0,0.0,16.0,0.5,0.9990573263418372,0.6262626262626263,0.08096637283708782,0.143394044521538,3063.0,0.5351632726874153,0.825428621928946,0.764558894456588,0.7806516231662052,0.7253527545100191,16973.0,0.566274504444084,0.8050339282921748,0.0,2.1701033115386963,0.04225850105285645,3.1100461483001713
0,8.0,5.0,44.0,0.7588652482269503,0.5431472081218274,0.6331360946745561,197.0,0.7705602516527115,0.9926942791492371,0.8019169329073482,0.9705815452270832,0.8782244785949507,13189.0,0.5674789332900744,0.7908442820950922,0.6839378238341969,0.2598425196850393,0.37660485021398,508.0,0.6280688456305549,0.974253225711424,0.0,0.0,0.0,16.0,0.5,0.9990573263418372,0.6423173803526449,0.0832517140058766,0.14739884393063585,3063.0,0.5365216154500987,0.8261945442762034,0.7683283705027778,0.7833028928297885,0.72765146890402,16973.0,0.5659992165464178,0.8052521919840602,0.0,2.3938567638397217,0.004450798034667969,3.0829107761383057
0,7.0,2.0,44.0,0.6934306569343066,0.4822335025380711,0.5688622754491017,197.0,0.7398650376134355,0.9915164369034994,0.8038808038808039,0.9674728940783986,0.8781226343679032,13189.0,0.5725079133535982,0.7913279132791328,0.6648936170212766,0.2455795677799607,0.35868005738880915,509.0,0.6208766347858199,0.9736656062212796,0.0,0.0,0.0,16.0,0.5,0.9990573818781666,0.6273148148148148,0.08847535096310806,0.1550786838340486,3063.0,0.5384508880471496,0.8260280428891246,0.7658115877601972,0.7806645457758925,0.7276540267901698,16974.0,0.5696866713105252,0.8055765991136175,0.0,1.7943811416625977,0.003221988677978516,2.4155983924865723
0,7.0,1.0,45.0,0.7384615384615385,0.4873096446700508,0.5871559633027523,197.0,0.7426414699268232,0.99204619100925,0.8000499562882478,0.9714892326357296,0.8774741456064654,13188.0,0.5627591473614579,0.789194603193307,0.6802030456852792,0.2632612966601179,0.37960339943342775,509.0,0.6297173830239364,0.9741943086077888,0.0,0.0,0.0,16.0,0.5,0.9990573263418372,0.6200527704485488,0.07672216780933726,0.13654851830331202,3063.0,0.5331849516257325,0.8248983679962293,0.7625040200756524,0.7822423849643552,0.7246370705769968,16973.0,0.5614587674404816,0.8037379984691828,0.0,2.102907419204712,0.02005624771118164,3.0512816905975337
0,12.0,3.0,50.0,0.75177304964539,0.5380710659898477,0.6272189349112425,197.0,0.7679924382819241,0.992576882290562,0.8025233820852427,0.969368413071499,0.8780906593406594,13189.0,0.5690963597722093,0.7908566042182161,0.6989247311827957,0.2554027504911591,0.3741007194244605,509.0,0.6260007982641037,0.9743725698126546,0.0,0.0,0.0,16.0,0.5,0.9990573818781666,0.6408450704225352,0.08912830558276198,0.15649183147033535,3063.0,0.5390649075897421,0.8266171792152704,0.7688960360538869,0.7831978319783198,0.7290238943208531,16974.0,0.5676267596112299,0.8053502047205348,0.0,1.952709436416626,0.017650365829467773,2.625124216079712
0,14.0,1.0,42.0,0.7571428571428571,0.5380710659898477,0.6290801186943621,197.0,0.7680222409880096,0.9926357959231766,0.802335803089288,0.9688376677534308,0.8777606044993991,13189.0,0.5685667863205728,0.7903263815246848,0.6702702702702703,0.24361493123772104,0.3573487031700288,509.0,0.6199550514068957,0.9737245198538942,0.0,0.0,0.0,16.0,0.5,0.9990573818781666,0.647887323943662,0.0901077375122429,0.1582115219260533,3063.0,0.5396624518917695,0.826970661010958,0.7692241363620105,0.7826086956521741,0.728597017656322,16974.0,0.5671421549173602,0.8049832526875328,0.0,1.7879178524017334,0.003931999206542969,2.422270536422729
0,8.0,2.0,50.0,0.736,0.467005076142132,0.5714285714285714,197.0,0.7325191073880287,0.9918703976435936,0.8026745354093421,0.969368413071499,0.8781811312978673,13189.0,0.5696023259229656,0.7910456553755523,0.7010309278350515,0.2671905697445973,0.3869132290184922,509.0,0.6318340799652175,0.9746097201767304,0.0,0.0,0.0,16.0,0.5,0.9990574374079528,0.6458333333333334,0.08093994778067885,0.14385150812064965,3064.0,0.535581755933327,0.8260972017673048,0.7697864225693778,0.7812076583210604,0.7265155949167061,16975.0,0.5671527179755784,0.8054033996976407,0.0,2.1059367656707764,0.038549184799194336,3.0147862434387207
0,17.0,3.0,45.0,0.7555555555555555,0.5177664974619289,0.6144578313253012,197.0,0.7578997008053565,0.9924586107346964,0.8037242073477604,0.9687594783136184,0.8785586576811993,13188.0,0.5722265026970998,0.7919047899605255,0.6923076923076923,0.26522593320235754,0.3835227272727272,509.0,0.6307908091667765,0.9744299770223296,0.0,0.0,0.0,16.0,0.5,0.9990573263418372,0.6423529411764706,0.08912830558276198,0.1565366972477064,3063.0,0.5391004576080597,0.8266658811052848,0.7699446747867115,0.7827726388970718,0.7295212833395559,16973.0,0.5700917093116941,0.8061746353423359,0.0,2.194899320602417,0.006069183349609375,2.846550941467285
0,6.0,4.0,49.0,0.7703703703703704,0.5279187817258884,0.6265060240963856,197.0,0.7630354519025245,0.9926942791492371,0.8033746773279608,0.967546254170458,0.8778507791269651,13188.0,0.571223589436616,0.790785364991457,0.680628272251309,0.2554027504911591,0.3714285714285714,509.0,0.6258488485206039,0.9740764744005184,0.0,0.0,0.0,16.0,0.5,0.9990573263418372,0.6608315098468271,0.09859614756774404,0.1715909090909091,3063.0,0.5437265425114061,0.8281977257997997,0.7728294887645588,0.7833618099334236,0.7314651422421493,16973.0,0.5700586899855249,0.8055734191548845,0.0,2.412266731262207,0.013263225555419922,3.193920612335205
0,7.0,5.0,43.0,0.7194244604316546,0.5076142131979695,0.5952380952380952,197.0,0.7526447317778117,0.9919872739056148,0.8034871278403727,0.9678519978770188,0.8780437474205531,13189.0,0.5713995718771986,0.791079950509633,0.6911764705882353,0.27755905511811024,0.3960674157303371,508.0,0.6368663784548948,0.9746656454368704,0.0,0.0,0.0,16.0,0.5,0.9990573263418372,0.636150234741784,0.08847535096310806,0.15534537116652333,3063.0,0.5386661442090882,0.826371295587109,0.7681944360964248,0.7822423849643552,0.7290877280719762,16973.0,0.5694881568147131,0.8054713547232468,0.0,2.1983559131622314,0.004010200500488281,2.8513717651367188
0,16.0,3.0,44.0,0.7318840579710145,0.5126903553299492,0.6029850746268657,197.0,0.7552424775398032,0.99216448686226,0.8018932982258166,0.9698233376298432,0.8778997940974606,13189.0,0.5674744165031645,0.7903852951572994,0.6984126984126984,0.2593320235756385,0.37822349570200575,509.0,0.6279350673602456,0.9744314834452692,0.0,0.0,0.0,16.0,0.5,0.9990573818781666,0.6635294117647059,0.0920666013712047,0.16169724770642202,3063.0,0.5408934832749203,0.8277365382349475,0.7722537128224309,0.7839047955696948,0.7296572919223512,16974.0,0.5666064885055393,0.8051829634463782,0.0,2.4597184658050537,0.0040225982666015625,2.9954297542572017
0,10.0,4.0,47.0,0.7185185185185186,0.4923857868020304,0.5843373493975904,197.0,0.7450603230624362,0.9918694396983444,0.8014300050175615,0.9688376677534308,0.8772182748086363,13189.0,0.5660784533270327,0.7892535202969422,0.6735751295336787,0.2559055118110236,0.3708987161198288,508.0,0.6260396068013514,0.9740175572968832,0.0,0.0,0.0,16.0,0.5,0.9990573263418372,0.6445012787723785,0.08227228207639567,0.1459177764910249,3063.0,0.5361397355745027,0.8261945442762034,0.7675656670598993,0.7810640428916514,0.7258651376576511,16973.0,0.564485343480429,0.8039994511437719,0.0,2.1622276306152344,0.006176948547363281,2.92444109916687
0,18.0,1.0,43.0,0.746268656716418,0.5076142131979695,0.6042296072507553,197.0,0.7527937541907825,0.9922818594237908,0.8016295832027578,0.9698210494388838,0.877740795388258,13188.0,0.566812770426179,0.7900783597478348,0.7061855670103093,0.2691552062868369,0.3897581792318635,509.0,0.6328465535807363,0.9747245625405055,0.0,0.0,0.0,16.0,0.5,0.9990573263418372,0.6298200514138818,0.07998694090760693,0.14194669756662806,3063.0,0.5348173381748674,0.8254875390325812,0.7663638213480275,0.7819477994461792,0.7263211270891619,16973.0,0.5651146873598212,0.8045496368510172,0.0,2.128637790679932,0.0334622859954834,3.0051732063293457
0,7.0,3.0,49.0,0.7727272727272727,0.5177664974619289,0.6200607902735562,197.0,0.7579892208372943,0.9926362297496318,0.8018176120338452,0.9699749791492912,0.877916552292067,13189.0,0.5673963643765473,0.7903976435935198,0.6858638743455497,0.25736738703339884,0.3742857142857143,509.0,0.6268617574059258,0.9741973490427098,0.0,0.0,0.0,16.0,0.5,0.9990574374079528,0.6382428940568475,0.0806135770234987,0.143146913937989,3064.0,0.5352747994383542,0.8258026509572901,0.7677219851118541,0.7819145802650957,0.7263685983352806,16975.0,0.5655298466136061,0.8048432725072172,0.0,1.716794490814209,0.02138924598693848,2.448800563812256
0,19.0,4.0,49.0,0.7307692307692307,0.4846938775510204,0.5828220858895705,196.0,0.7413039062328948,0.9919877459644162,0.802586964711792,0.9691409507923271,0.8780353769534605,13189.0,0.5692468294252255,0.7907976905856015,0.7098445595854922,0.2691552062868369,0.3903133903133904,509.0,0.6328770261619426,0.9747849652409568,0.0,0.0,0.0,16.0,0.5,0.9990573818781666,0.6494845360824743,0.08224543080939947,0.14600231749710313,3064.0,0.5362341460301491,0.8263226110521975,0.7705833478378881,0.7815482502651113,0.7270332468454215,16974.0,0.5671172280348623,0.8052470416533613,0.0,2.14609694480896,0.021808862686157227,2.8793187141418457
0,14.0,5.0,44.0,0.6956521739130435,0.4873096446700508,0.5731343283582089,197.0,0.7424030340660698,0.9915748541801686,0.8024249277547431,0.968531998786776,0.8776884491170205,13188.0,0.5688102530261488,0.7902551110587404,0.6648351648351648,0.237721021611002,0.35021707670043417,509.0,0.6170079840805253,0.9735462204678018,0.0,0.0,0.0,16.0,0.5,0.9990573263418372,0.6282051282051282,0.07998694090760693,0.14190558934260064,3063.0,0.5347813928118192,0.825428621928946,0.7648628310896027,0.7797678666116774,0.7247263325186322,16973.0,0.5660646606197759,0.8046327969907561,0.0,2.202844858169556,0.03584098815917969,3.129209280014038
0,15.0,3.0,50.0,0.7555555555555555,0.5177664974619289,0.6144578313253012,197.0,0.7578997594301359,0.9924590550253328,0.8007126336188035,0.9711881113048751,0.8777496059754677,13189.0,0.5644579922442474,0.7897961588311535,0.676923076923077,0.2593320235756385,0.3750000000000001,509.0,0.6277528626836589,0.9740780016495816,0.0,0.0,0.0,16.0,0.5,0.9990573818781666,0.6596306068601583,0.08161932745674176,0.14526438117373622,3063.0,0.5361730452250283,0.826676092847885,0.7702630943919733,0.7831389183457051,0.7266117323858067,16974.0,0.5634362529131236,0.8045266564160972,0.0,1.9075543880462649,0.0032913684844970703,2.5591862201690674
0,3.0,4.0,43.0,0.708029197080292,0.4923857868020304,0.5808383233532934,197.0,0.7450007851575867,0.9917520914339578,0.8033075520342073,0.9686102054742588,0.8782483156881618,13189.0,0.5710950631070105,0.7913279132791328,0.6927083333333334,0.26129666011787817,0.3794579172610556,509.0,0.6288566507391699,0.9743725698126546,0.0,0.0,0.0,16.0,0.5,0.9990573818781666,0.629976580796253,0.08782239634345412,0.15415472779369627,3063.0,0.5382322390746096,0.8260869565217391,0.7668499978938123,0.7820195593260281,0.728347012868489,16974.0,0.5688483165727685,0.8056111649712355,0.0,2.231304883956909,0.010210514068603516,2.9103472232818604
0,20.0,1.0,52.0,0.7266187050359713,0.5126903553299492,0.6011904761904762,197.0,0.7552126748337175,0.9921055732296452,0.8022460631156283,0.969520054590947,0.8779868168085692,13189.0,0.5683795781541261,0.7906209496877578,0.6791443850267379,0.2495088408644401,0.36494252873563215,509.0,0.622932373666353,0.9739601743843526,0.0,0.0,0.0,16.0,0.5,0.9990573818781666,0.6262626262626263,0.08096637283708782,0.143394044521538,3063.0,0.5351636551123833,0.8254389065629787,0.7651640230673467,0.7813715093672676,0.7260029666662924,16974.0,0.5661254864511851,0.8049366396272044,0.0,1.7898707389831543,0.0026552677154541016,2.3239154815673833
0,14.0,3.0,45.0,0.7709923664122137,0.5126903553299492,0.6158536585365854,197.0,0.7554511497713043,0.9925773195876288,0.8032910438387137,0.9697475168701192,0.8787056439146715,13189.0,0.5712445983716681,0.7919882179675994,0.7079207920792079,0.28094302554027506,0.4022503516174402,509.0,0.6386799422612099,0.974963181148748,0.0,0.0,0.0,16.0,0.5,0.9990574374079528,0.6490825688073395,0.09236292428198434,0.1617142857142857,3064.0,0.5406822169393533,0.8271575846833579,0.7714646095650076,0.7845066273932253,0.7311228223107016,16975.0,0.5698207533279536,0.8063459414672447,0.0,2.385524272918701,0.004253149032592773,3.1584906578063965
0,9.0,1.0,45.0,0.7443609022556391,0.5025380710659898,0.6,197.0,0.7502556831247927,0.9922229423201556,0.8018340556497707,0.9680012132241432,0.8771170428389845,13188.0,0.5672238562818206,0.7892535202969422,0.6716417910447762,0.265748031496063,0.38081805359661497,508.0,0.6308697643055778,0.9741353915041536,0.0,0.0,0.0,16.0,0.5,0.9990573263418372,0.6426914153132249,0.0904046997389034,0.1585121602288984,3064.0,0.5396663659741322,0.8267247982089201,0.7677857273330588,0.7822423849643552,0.7284956337199643,16973.0,0.5662150575521245,0.8041049798580603,0.0,2.446056365966797,0.02365279197692871,3.3182263374328613
0,4.0,5.0,41.0,0.7313432835820896,0.4974619289340101,0.5921450151057401,197.0,0.7476580670479194,0.9920466595970308,0.8018074557549894,0.9686860262339828,0.8773821378292072,13189.0,0.5671699615978368,0.7896194179333098,0.6683417085427136,0.26129666011787817,0.3757062146892655,509.0,0.6286440786164853,0.9739601743843526,0.0,0.0,0.0,16.0,0.5,0.9990573818781666,0.6463414634146342,0.08651648710414626,0.15260581629714945,3063.0,0.5380465405831995,0.8266171792152704,0.7681773885298393,0.7819017320607988,0.727413200329931,16974.0,0.5657894222071663,0.8043703759792094,0.0,2.1995949745178223,0.015071153640747069,2.862587213516236
0,12.0,5.0,46.0,0.7421875,0.4846938775510204,0.5864197530864197,196.0,0.7413633908499022,0.9921046429413152,0.8013775829680652,0.970427661510464,0.8778379861444544,13188.0,0.5660806383662257,0.7901249116191374,0.6683937823834197,0.2539370078740157,0.3680456490727532,508.0,0.6250248693403121,0.973898185246288,0.0,0.0,0.0,16.0,0.5,0.999057270798963,0.6391752577319587,0.08093994778067885,0.1436848203939745,3064.0,0.535436899400837,0.8258307801084138,0.7666753090575267,0.7818760311100637,0.7258474612475901,16972.0,0.5642746863521924,0.8046011400624418,0.0,1.7584950923919678,0.011621713638305664,2.3532369136810303
0,16.0,1.0,48.0,0.75177304964539,0.5408163265306123,0.6290801186943621,196.0,0.7693650685523061,0.992635362045602,0.8024110001883594,0.9689893092728791,0.8778678389888721,13189.0,0.568664844911281,0.7904907794732811,0.6683673469387755,0.25736738703339884,0.3716312056737589,509.0,0.6267096896294302,0.9738997230896128,0.0,0.0,0.0,16.0,0.5,0.9990573263418372,0.6532066508313539,0.08978126020241592,0.1578645235361653,3063.0,0.5396426070961756,0.8271372179343663,0.7701241471927792,0.7831261415188829,0.7290519030794524,16973.0,0.5674210057460733,0.8051352498816406,0.0,2.1832623481750493,0.00446629524230957,2.805841445922852
0,7.0,4.0,50.0,0.7463768115942029,0.5255102040816326,0.6167664670658682,196.0,0.7617120073278163,0.9924586107346964,0.8037118590751808,0.9686102054742588,0.8784898913491954,13189.0,0.5720429462889265,0.7917869557532552,0.6910994764397905,0.2593320235756385,0.3771428571428571,509.0,0.6278742236439903,0.9743121428150592,0.0,0.0,0.0,16.0,0.5,0.9990573263418372,0.6361607142857143,0.0930460333006856,0.16234690971233268,3063.0,0.5406639224734915,0.8267247982089201,0.7686782222223543,0.7833028928297885,0.7303672717424167,16973.0,0.5701768424210216,0.8060783539717162,0.0,2.1447005271911617,0.03283548355102539,3.0858075618743896
0,15.0,2.0,41.0,0.7238805970149254,0.4923857868020304,0.5861027190332326,197.0,0.7450901275450305,0.9919283568019795,0.8022847100175747,0.9692144373673036,0.8778846153846154,13188.0,0.5684909703349068,0.7904907794732811,0.6699029126213593,0.27111984282907664,0.3860139860139861,509.0,0.6334948096555489,0.9741353915041536,0.0,0.0,0.0,16.0,0.5,0.9990573263418372,0.629156010230179,0.08031341821743389,0.14244354371742907,3063.0,0.5349446314667328,0.8254875390325812,0.7654050948673202,0.7814175455134625,0.7261998607570529,16973.0,0.5663716453308429,0.8048483149435869,0.0,2.011462926864624,0.0038955211639404297,2.573194026947021
0,13.0,4.0,46.0,0.7446808510638298,0.5329949238578681,0.621301775147929,197.0,0.7654245645098483,0.9924590550253328,0.8028001004520342,0.969520054590947,0.8783185080880586,13189.0,0.5698326825134392,0.7912689996465182,0.7128712871287128,0.2829076620825147,0.4050632911392405,509.0,0.6396925191675861,0.9750795334040296,0.0,0.0,0.0,16.0,0.5,0.9990573818781666,0.6282051282051282,0.07998694090760693,0.14190558934260064,3063.0,0.5347817674849298,0.8254389065629787,0.7671660448546174,0.7824319547543301,0.7274286136575825,16974.0,0.5678067594521522,0.8054778509245331,0.0,2.158994197845459,0.0457603931427002,3.1235177516937256
0,2.0,4.0,44.0,0.7109375,0.4619289340101523,0.5599999999999999,197.0,0.7298617011490913,0.9915748541801686,0.8010766149223836,0.9703540829479111,0.8776272929881708,13189.0,0.5652510372456258,0.7897248571260237,0.6887755102040817,0.265748031496063,0.3835227272727273,508.0,0.6310216015360668,0.9744299770223296,0.0,0.0,0.0,16.0,0.5,0.9990573263418372,0.6129807692307693,0.0832517140058766,0.1465938488071285,3063.0,0.5358386535521834,0.8250751193071348,0.7619697293966203,0.7823602191716256,0.7264003341525814,16973.0,0.5637607644358446,0.8041726166791484,0.0,1.6069092750549316,0.0036308765411376953,2.1849203109741206
0,13.0,3.0,50.0,0.7333333333333333,0.5025380710659898,0.5963855421686746,197.0,0.7501962020605907,0.9921060382916052,0.8021709122851047,0.969368413071499,0.8778796305833076,13189.0,0.5682816708780634,0.7904565537555228,0.6716417910447762,0.26522593320235754,0.38028169014084506,509.0,0.6306088368793278,0.9740795287187042,0.0,0.0,0.0,16.0,0.5,0.9990574374079528,0.6483253588516746,0.08844647519582245,0.15565766800689254,3064.0,0.5389396490708463,0.8268041237113402,0.7689327481565972,0.7829160530191458,0.7285031443078221,16975.0,0.5669011246975767,0.8050601243707176,0.0,1.848747730255127,0.002772808074951172,2.3632774353027344
0,14.0,2.0,51.0,0.7480314960629921,0.4846938775510204,0.5882352941176471,196.0,0.7413931953324963,0.99216356351638,0.8031654314784574,0.9695958753506709,0.8785682388100718,13189.0,0.5705764203610346,0.7917157671458873,0.6831683168316832,0.27165354330708663,0.3887323943661972,508.0,0.6338831370568474,0.9744284704218712,0.0,0.0,0.0,16.0,0.5,0.999057270798963,0.6261467889908257,0.08912830558276198,0.15604458416690484,3063.0,0.5387046373697116,0.8260075418336082,0.7662326283659625,0.7832901249116191,0.7293289675320737,16972.0,0.5686254072775843,0.8058837491915952,0.0,2.674156904220581,0.005990505218505859,3.3519911766052246
0,1.0,1.0,48.0,0.7323943661971831,0.5306122448979592,0.6153846153846154,196.0,0.7641736196177226,0.992340776527426,0.8017554858934169,0.9695958753506709,0.8777240124918494,13189.0,0.5669860983518683,0.7900783597478348,0.6855670103092784,0.26129666011787817,0.3783783783783784,509.0,0.6287958033339633,0.974253225711424,0.0,0.0,0.0,16.0,0.5,0.9990573263418372,0.6299019607843137,0.08390466862553053,0.1480841256122155,3063.0,0.5365245844924921,0.8257821245507571,0.7657011555619336,0.7825369704825311,0.7272193281514876,16973.0,0.5655564453429185,0.804577430950399,0.0,1.8161447048187256,0.05137252807617188,2.8560824394226074
0,17.0,2.0,51.0,0.7352941176470589,0.5076142131979695,0.6006006006006006,197.0,0.7527342731265804,0.9921649484536084,0.8029569046870085,0.9677003563575708,0.8776646953651492,13189.0,0.5702210181153939,0.7903976435935198,0.7253886010362695,0.275049115913556,0.3988603988603989,509.0,0.6359151810589279,0.9751399116347571,0.0,0.0,0.0,16.0,0.5,0.9990574374079528,0.6481927710843374,0.08779373368146214,0.15464213854555905,3064.0,0.5386492210927618,0.8267452135493373,0.7711538736744209,0.7818556701030928,0.7287588477768959,16975.0,0.56854407660189,0.8050361993835687,0.0,2.1258583068847656,0.03620743751525879,3.1043736934661865
0,12.0,1.0,48.0,0.7142857142857143,0.5076142131979695,0.5934718100890208,197.0,0.7526149983555561,0.9919288323318016,0.8025481704638172,0.969520054590947,0.8781677082617952,13189.0,0.5691721805319333,0.7909744314834453,0.7122641509433962,0.2966601178781925,0.4188626907073509,509.0,0.6464776447271315,0.9753151879344879,0.0,0.0,0.0,16.0,0.5,0.9990573818781666,0.6397058823529411,0.08521057786483839,0.15038893690579086,3063.0,0.5373217004053543,0.8262636974195829,0.7686746598585376,0.7834924001413928,0.7289330902653962,16974.0,0.5678066768716521,0.8053987163172741,0.0,2.1101644039154053,0.0244905948638916,3.011387348175049
0,6.0,1.0,49.0,0.7067669172932329,0.4771573604060914,0.5696969696969697,197.0,0.7374163746657028,0.9916342641687288,0.8027266444681787,0.9687618469937068,0.8779633065347352,13189.0,0.5695856791111202,0.7907387769529869,0.6945812807881774,0.2770137524557957,0.39606741573033705,509.0,0.6366240945698353,0.9746671379757276,0.0,0.0,0.0,16.0,0.5,0.9990573818781666,0.6136919315403423,0.08194580476656872,0.14458525345622114,3063.0,0.5352939432861669,0.8250265111346765,0.7635015349844955,0.7813715093672676,0.7267674854990027,16974.0,0.5672901826338685,0.8049695047849296,0.0,1.6702213287353516,0.004613399505615234,2.317121982574463
0,3.0,1.0,50.0,0.765625,0.4974619289340101,0.6030769230769231,197.0,0.7478369365733348,0.99240058910162,0.8018306062315842,0.9697475168701192,0.8778311599176388,13189.0,0.5674146987414516,0.790279823269514,0.6862745098039216,0.275049115913556,0.3927068723702665,509.0,0.6355811594386194,0.9744918998527246,1.0,0.0625,0.1176470588235294,16.0,0.53125,0.9991163475699558,0.6347150259067358,0.07996083550913838,0.14202898550724638,3064.0,0.5349124859020784,0.8256259204712812,0.7679677499532723,0.7819734904270986,0.7265666147023114,16975.0,0.5656517823366232,0.804725983155511,0.0,2.374099969863892,0.003931760787963867,3.0587382316589355
0,11.0,1.0,49.0,0.7421875,0.4822335025380711,0.5846153846153846,197.0,0.7401333205859982,0.9920471281296024,0.8032694121345488,0.9686860262339828,0.8782566852271946,13189.0,0.5711100495670707,0.7913402061855671,0.6559139784946236,0.23968565815324164,0.35107913669064744,509.0,0.6178994305584623,0.9734315169366716,0.0,0.0,0.0,16.0,0.5,0.9990574374079528,0.6261261261261262,0.09073107049608356,0.15849486887115166,3064.0,0.5393990339181589,0.8260972017673048,0.7654104200086467,0.7817967599410899,0.7282959770855639,16975.0,0.5686837206465409,0.8055989779650834,0.0,1.6177318096160889,0.005248069763183594,2.247345209121704
0,10.0,3.0,47.0,0.7279411764705882,0.5025380710659898,0.5945945945945945,197.0,0.7501664011308017,0.9920471281296024,0.8031426775612822,0.9688376677534308,0.8782432385992646,13189.0,0.570789673813324,0.7912812960235641,0.6753926701570679,0.25343811394891946,0.3685714285714286,509.0,0.6248363896599936,0.973961708394698,0.0,0.0,0.0,16.0,0.5,0.9990574374079528,0.6279620853080569,0.08648825065274153,0.15203671830177856,3064.0,0.537601109008349,0.8258615611192931,0.7660620845133603,0.7817967599410899,0.7277601514604031,16975.0,0.5684347163054619,0.8055265713895293,0.0,1.7690978050231934,0.003241777420043945,2.397449016571045
0,4.0,3.0,49.0,0.7786885245901639,0.4822335025380711,0.5956112852664576,197.0,0.7403119822675452,0.9923992458166392,0.8020813742085136,0.970124355474674,0.8781358317032155,13188.0,0.5679110149466393,0.7907730379448503,0.6884422110552764,0.2696850393700788,0.3875530410183876,508.0,0.6329596236694903,0.9744873909969362,0.0,0.0,0.0,16.0,0.5,0.999057270798963,0.6354916067146283,0.08651648710414626,0.15229885057471265,3063.0,0.5377941555514979,0.8261843035588027,0.7675872164146316,0.7831133631864247,0.7283501706249813,16972.0,0.5663598228200167,0.8051994171931653,0.0,1.8571970462799072,0.0031604766845703125,2.4166834354400635
0,2.0,1.0,49.0,0.7518796992481203,0.5076142131979695,0.606060606060606,197.0,0.7528236172981562,0.9923412277601036,0.8023839397741531,0.9697475168701192,0.8781626557725979,13189.0,0.5687575100863145,0.7909155178508307,0.6887755102040817,0.26522593320235754,0.3829787234042553,509.0,0.6307605523892141,0.9743725698126546,0.0,0.0,0.0,16.0,0.5,0.9990573818781666,0.6466346153846154,0.08782239634345412,0.15464213854555905,3063.0,0.5386276096446622,0.8267350064804996,0.7695293180187428,0.7831978319783198,0.7287667165639535,16974.0,0.5672512396985889,0.8054145085305651,0.0,1.6056532859802246,0.010747432708740234,2.307234764099121
0,10.0,2.0,49.0,0.75,0.5329949238578681,0.6231454005934719,197.0,0.7654543672159341,0.9925179686579476,0.8041685032428688,0.9683069224353628,0.8786377708978328,13189.0,0.5733212287209839,0.7921527041357371,0.6794258373205742,0.2789783889980353,0.3955431754874652,509.0,0.6374545756104661,0.9744314834452692,0.0,0.0,0.0,16.0,0.5,0.9990573818781666,0.6320754716981132,0.08749591903362716,0.15371379409234298,3063.0,0.5381408859778875,0.8261458701543537,0.7679865270577171,0.7827265229174031,0.7295434212275478,16974.0,0.5710567991444909,0.8062733237974745,0.0,1.6924068927764893,0.003201723098754883,2.32108736038208
