,Rep,Kfold,Num_Vars_,Precision_background,Recall_background,F1_score_background,Num_Obs_background,AUC_background,Accuracy_background,Precision_dos,Recall_dos,F1_score_dos,Num_Obs_dos,AUC_dos,Accuracy_dos,Precision_scan,Recall_scan,F1_score_scan,Num_Obs_scan,AUC_scan,Accuracy_scan,Precision_w,Recall_w,F1_score_w,Total_Obs,AUC_w,Accuracy_w,Hyper_time,Training_time,Testing_time,Total_time
0,8.0,4.0,45.0,1.0,0.9871963230466184,0.9935569139269784,15230.0,0.9935981615233092,0.9939859363434492,0.8127758558988429,0.9961985525257694,0.8951880440137953,13679.0,0.9143702818643784,0.9015852454971626,0.9296482412060302,0.15789473684210525,0.2699416342412451,3515.0,0.5782209510423817,0.907414261041204,0.913387444506522,0.9010917838638046,0.8736119509477721,32424.0,0.9151436506457192,0.9456190325446044,4063.913433551788,19.40657615661621,3.2465908527374268,4115.813535451889
0,12.0,3.0,40.0,0.9999334841027006,0.987065003282994,0.9934575733544806,15230.0,0.9935034217299001,0.9938934122871946,0.809973285841496,0.9974413334308064,0.8939850609356571,13679.0,0.9133378979770731,0.9001973846533432,0.9373848987108656,0.14480796586059744,0.2508624938393297,3515.0,0.5718159307666126,0.9062422896619788,0.9130125665827364,0.9001357019491735,0.870989457086505,32424.0,0.9139692578343016,0.9448630132608224,3524.07457280159,70.8514404296875,9.671695947647097,3662.755574703217
0,1.0,4.0,40.0,1.0,0.9870658525375878,0.9934908309928959,15231.0,0.9935329262687941,0.9939244410177333,0.812421767896525,0.9964178668031288,0.8950617283950617,13679.0,0.9142710266481238,0.9014340786430224,0.9429065743944636,0.155049786628734,0.2663083312973369,3515.0,0.576954156545083,0.9073862760215884,0.9146779945120465,0.900817270624518,0.8731374561011254,32425.0,0.9149362292606216,0.9455248321700812,4161.4302389621735,39.038931846618645,5.551868438720703,4244.506484270096
0,14.0,1.0,34.0,1.0,0.9871298181101844,0.9935232304540348,15229.0,0.9935649090550922,0.9939549085525708,0.809752625022246,0.9978799619855252,0.894026722556982,13679.0,0.9133926058327114,0.9001943065108102,0.9455909943714822,0.1433854907539118,0.2490118577075099,3515.0,0.5711911541219399,0.9062393979582396,0.913837661625854,0.9001943065108102,0.8708334668069997,32423.0,0.9139510335849328,0.9448887735537022,3923.969760894776,57.170354127883904,7.44338059425354,4024.602196931839
0,12.0,1.0,25.0,0.9999334841027006,0.9871298181101844,0.9934904008194826,15229.0,0.9935358257605368,0.9939236914345642,0.8077127502509892,1.0,0.8936295328324076,13677.0,0.9131455399061033,0.8995712655377688,1.0,0.12916073968705544,0.22877299067775256,3515.0,0.5645803698435278,0.9055858856913728,0.9188511864095126,0.8995404213318529,0.8684548131415144,32421.0,0.9131164566115476,0.9445431813892916,3667.686604499817,63.85299944877625,7.106024026870728,3786.47069311142
0,10.0,1.0,30.0,0.9995345435201808,0.9870641539168692,0.9932602088013744,15229.0,0.9933285057375888,0.9937079760656344,0.8091964920597298,0.9983915777160404,0.8938927799960726,13678.0,0.9133016360624591,0.9000061686509161,0.9585798816568049,0.13826458036984351,0.2416708105420189,3515.0,0.5687690563661235,0.9059280735303188,0.9147958011746804,0.8998211091234347,0.8698568275762633,32422.0,0.9135390421647948,0.9446610425257496,3683.923172712326,69.6738646030426,7.4480838775634775,3808.9087057113647
0,1.0,2.0,64.0,0.999601831574756,0.9890347997373604,0.994290240602,15230.0,0.9943429203990978,0.9946644460893166,0.8377187538786148,0.9869132914168738,0.9062164339419978,13678.0,0.9237084327563404,0.9138292622748582,0.8810344827586207,0.2906712172923777,0.43712574850299396,3516.0,0.6429487261223199,0.918825561312608,0.918454547613328,0.9124105600789538,0.8967185689478052,32424.0,0.926441350295015,0.9523404526557776,5064.430722951889,128.26699829101562,3.2534749507904053,5223.007441282271
0,3.0,3.0,50.0,0.9998670389575854,0.9874597859628388,0.9936246820599214,15231.0,0.9936717230087594,0.9940472518660172,0.8155421181823624,0.995978650288806,0.8967741935483872,13677.0,0.9158074099670224,0.9032755536364198,0.9274924471299094,0.1747296528173022,0.2940613026819923,3514.0,0.5865346064003489,0.9090740854975016,0.9142666362333496,0.9029671210906176,0.8769480474751858,32422.0,0.9166983704323054,0.9465461654646486,4465.794444799423,15.734190940856935,1.5400328636169434,4497.185972213745
0,7.0,4.0,53.0,0.9998006644518272,0.9879193749589652,0.9938245104190746,15231.0,0.9938724477446916,0.9942328450269854,0.8211436170212766,0.993128152642737,0.8989842173179367,13679.0,0.9176405726405832,0.9058442559753276,0.8939024390243903,0.2085348506401138,0.3381776239907728,3515.0,0.6027627556555809,0.9115188897455668,0.9129515660962392,0.9056283731688513,0.8827398789579814,32425.0,0.919314964714859,0.9479781939105071,4308.8428852558145,220.42554593086243,1.013235092163086,4544.632216453552
0,3.0,4.0,49.0,0.9997341309405118,0.9875902823374918,0.993625103220479,15230.0,0.9936788215223576,0.9940476190476192,0.8176573111364865,0.9945902478251334,0.8974866415990501,13679.0,0.9163668763798912,0.9041450777202072,0.9092159559834938,0.18805120910384068,0.3116454502593117,3515.0,0.5928840915282945,0.909943251912164,0.9131069349414624,0.9038675055514434,0.8791347104041076,32424.0,0.9176134510087588,0.9470021060541948,4266.90633392334,38.13096547126771,3.0181918144226074,4335.27582025528
0,16.0,5.0,26.0,0.9999334841027006,0.987065003282994,0.9934575733544806,15230.0,0.9935034200385192,0.9938932239459642,0.8076764098021848,1.0,0.8936072910201548,13678.0,0.9131234995998934,0.8995466181414428,1.0,0.12916073968705544,0.22877299067775256,3515.0,0.5645803698435278,0.905591709588872,0.9188349287900076,0.8995157758381396,0.8684346430310187,32423.0,0.9130944179969154,0.9445192395164104,3706.027670621872,63.24445343017578,8.656085968017576,3821.578113555908
0,20.0,1.0,24.0,0.9993351505883916,0.9869336835193696,0.99309570215718,15230.0,0.9931760257299054,0.9935539586096288,0.8076309727718386,0.9997075595847346,0.8934627070469471,13678.0,0.9129772793922604,0.89942324892823,0.9977628635346756,0.12688477951635846,0.22513881877839476,3515.0,0.5634250935080064,0.9053141288591432,0.9182921769842024,0.8990839835918947,0.8678096844477085,32423.0,0.9127537027133344,0.9442777396109202,1159.040595293045,16.348317623138428,1.6019456386566162,1197.9532294273374
0,7.0,5.0,41.0,1.0,0.9872619829284308,0.9935901671842992,15230.0,0.9936309914642154,0.9940167776955342,0.8113039343872578,0.9979530667446452,0.8950008195377808,13679.0,0.9142872829055316,0.901215149272144,0.9565217391304348,0.15021337126600284,0.2596508482911237,3515.0,0.5746915899880465,0.90713668887244,0.9156797567088201,0.9010301011596348,0.8724329875529695,32424.0,0.9147414471278296,0.945447292517372,4162.764094352722,172.2937388420105,3.2983078956604004,4354.602572917938
0,17.0,2.0,34.0,1.0,0.9871971636793382,0.9935573396768758,15231.0,0.9935985818396692,0.9939859363434492,0.8124142047150105,0.9951019811389722,0.8945258592363804,13679.0,0.9137153010522816,0.90099925980755,0.8967741935483872,0.15822424587364825,0.26898887276245764,3514.0,0.5780052395054854,0.9067974339995064,0.909674266667458,0.9006908462867013,0.8732518494942084,32424.0,0.914856958262905,0.9453076379974344,3713.0203578472137,57.07761335372925,6.199268579483032,3818.301104784012
0,3.0,1.0,24.0,1.0,0.9870658525375878,0.9934908309928959,15231.0,0.9935329262687941,0.9939248157399698,0.80764007793588,1.0,0.8935850535667624,13679.0,0.9131107318113932,0.8995281709686372,1.0,0.12965595678134775,0.22954945884721875,3517.0,0.5648279783906739,0.9056033552286674,0.9188549241707498,0.8995281709686372,0.8684902778967594,32427.0,0.9131107318113932,0.9445252943397384,3457.34334897995,209.64450597763062,5.456679105758667,3709.507007837296
0,20.0,3.0,60.0,0.999933532735128,0.9877872619829284,0.9938232865400496,15230.0,0.9938645510798672,0.9942326671601284,0.8269816145135759,0.9931276502412634,0.9024714323677916,13678.0,0.9207609871818714,0.9094497902788058,0.9066523605150214,0.2403299203640501,0.3799460431654677,3516.0,0.6186601864169773,0.9149395509499136,0.916858867704278,0.9089871699975328,0.8887189487324634,32424.0,0.9223394741877038,0.9498687766291068,884.4533276557922,25.09641575813293,0.9120337963104248,926.3917129039764
0,9.0,2.0,38.0,1.0,0.9870658525375878,0.9934908309928959,15231.0,0.9935329262687941,0.9939244410177333,0.8096198327501335,0.9979530667446452,0.8939751146037984,13679.0,0.9133582681424068,0.9001387818041634,0.9471698113207548,0.14281650071123755,0.24820766378244746,3515.0,0.5709239888544081,0.9062143407864304,0.9139581057511652,0.9001387818041634,0.8707168659279402,32425.0,0.9138974732688736,0.9448513481975188,3922.559154033661,183.2802608013153,4.463525295257568,4136.644846200943
0,16.0,3.0,47.0,1.0,0.9871963230466184,0.9935569139269784,15230.0,0.9935981615233092,0.993985750855874,0.8167206429171164,0.9955406096936912,0.8973083385497315,13679.0,0.916250885299257,0.9038645406038924,0.9197707736389684,0.18269778030734207,0.30484330484330485,3514.0,0.5903803336487763,0.9096937359281992,0.9139806980547936,0.9035252752675571,0.8783077425083746,32423.0,0.9172652855210912,0.9468287889617648,3959.136850357056,40.68879294395447,3.823169946670532,4030.159611225128
0,3.0,5.0,57.0,1.0,0.9871298181101844,0.9935232304540348,15229.0,0.9935649090550922,0.9939549085525708,0.8154647819837086,0.9953212954163316,0.8964609053497942,13679.0,0.9154743480922888,0.9030009561114024,0.9215686274509804,0.17382645803698435,0.292484442316898,3515.0,0.5860138240094981,0.9088301514357092,0.9136432926701831,0.9024149523486414,0.8765733218890364,32423.0,0.9164362396739292,0.9463537415813308,4300.4381115436545,25.935997009277344,1.8568360805511477,4350.183399915695
0,12.0,4.0,67.0,0.9997348359297316,0.9901516643687216,0.9949201741654572,15231.0,0.9949595193027092,0.9952507247270708,0.8433840566096813,0.9845748958257182,0.9085267134376688,13679.0,0.92558344193857,0.9163634120767286,0.8852459016393442,0.30716723549488056,0.4560810810810811,3516.0,0.6511623102413872,0.9205575772528218,0.9213636090351418,0.9137420588416704,0.9000477137762606,32426.0,0.9284145754513656,0.9538727978701199,4105.2129752635965,65.36413836479187,4.9434309005737305,4211.674693822861
0,15.0,1.0,60.0,0.9999335371527316,0.9877880638172148,0.9938236945536216,15231.0,0.9938649536881944,0.9942330228828716,0.8240179437439379,0.9937129907156956,0.9009444904722452,13679.0,0.9194307739090828,0.9078208844754209,0.9123831775700936,0.222127417519909,0.3572735590118939,3516.0,0.6097665797388545,0.9133411459939554,0.9162298281990696,0.9072657743785852,0.8856202495035427,32426.0,0.9208163190121827,0.9490085893907064,4050.507436990738,36.98963212966919,5.357820749282837,4118.577956199646
0,4.0,5.0,32.0,1.0,0.9871306631648064,0.9935236584721122,15230.0,0.9935653315824032,0.9939552814186584,0.8090246935512524,0.9987572190949632,0.8939344369560951,13679.0,0.913360258966024,0.9000154202004627,0.9662698412698412,0.13850967007963594,0.2422885572139304,3516.0,0.568960808957975,0.906060138781804,0.9157765164222774,0.9000154202004627,0.8700503021994409,32425.0,0.9136876233366996,0.9447943659794948,4393.6886937618265,14.101155757904053,1.7175700664520264,4425.074618101121
0,5.0,5.0,45.0,0.9998005849508108,0.987525441533714,0.9936251032204788,15231.0,0.993675481032066,0.994047802621434,0.8197481776010603,0.9947364573433729,0.8988044124446793,13679.0,0.9175645372175096,0.9055050115651504,0.91343669250646,0.2011379800853485,0.3296805782233621,3515.0,0.5994102214504916,0.9113338473400154,0.9144804319183012,0.9053199691595992,0.8816492440227295,32425.0,0.9188269386151484,0.9477280989460884,4207.150524139404,32.46429705619812,4.030229568481444,4267.890875816345
0,13.0,5.0,58.0,0.9999335017954516,0.9873276428102429,0.9935905907228756,15230.0,0.9936347431847083,0.9940169622205088,0.8171390823925054,0.9947364573433729,0.8972338531535393,13679.0,0.9161509023087292,0.903870470316114,0.9132867132867132,0.18572241183162685,0.3086740723233278,3516.0,0.5917888754996801,0.9097918272937549,0.9134232482438824,0.9035312259059368,0.8786721545808938,32425.0,0.9173728609912442,0.946854296463757,3860.374636888504,69.68307614326477,7.245065927505492,3981.998920440674
0,1.0,1.0,51.0,0.9999335062171688,0.9874581390767614,0.993656667107176,15229.0,0.9936999896267836,0.9940782777657836,0.8194151341573711,0.993493676438336,0.8980967486122124,13679.0,0.9168546060382032,0.9048823366128984,0.9094540612516644,0.19431009957325746,0.32020628223159864,3515.0,0.5959789047748673,0.9105573204206892,0.9139653336094604,0.9040187521204084,0.8803314896735559,32423.0,0.9181623276163996,0.9473926705086412,4576.631062269211,21.86094093322754,3.027271509170532,4623.673500537871
0,12.0,2.0,50.0,0.9999335194787928,0.987525441533714,0.9936907475308029,15231.0,0.9937336374723016,0.9941091200690868,0.8150475848446759,0.9955402836672028,0.8962975152213262,13678.0,0.9153481626391496,0.9028159022915831,0.9244992295839752,0.1707455890722823,0.2882536632236368,3514.0,0.5845253075943583,0.9086142553125868,0.9137617923524984,0.902384110045338,0.8761491706938538,32423.0,0.9163159217779197,0.946330148736544,3849.0710709095,66.23775887489319,7.567152500152588,3973.794538736344
0,12.0,5.0,26.0,0.9992024458327796,0.9870658525375878,0.9930970703834594,15231.0,0.9931839876238391,0.9935545549867392,0.8076786769049026,0.9996344762044008,0.8934627070469471,13679.0,0.9129766769457488,0.8994325541232344,0.9977678571428572,0.1271331058020478,0.22552976791120086,3516.0,0.5635492578474093,0.9053228890396596,0.9182520464927996,0.8991241596249923,0.8678375535891396,32426.0,0.9127623656951546,0.9442818297883856,3597.027680158615,57.487054347991936,6.611966133117676,3711.836646318436
0,15.0,4.0,33.0,0.9998004921194388,0.9871954823034998,0.9934580056829444,15229.0,0.9935104912680832,0.993892847228648,0.8094588988324543,0.9986108064634056,0.8941407528641571,13677.0,0.9135446264497992,0.9002498380679189,0.9647749510763208,0.14025604551920345,0.2449080973671138,3515.0,0.5698166687154587,0.9062336140156072,0.9157063325268092,0.9001881496560871,0.8704045836869325,32421.0,0.9138406192902864,0.9448851780933616,3685.681010723114,67.93142867088318,8.18305492401123,3812.85962343216
0,9.0,3.0,63.0,0.9999335062171688,0.9874581390767614,0.993656667107176,15229.0,0.9936999862438252,0.9940779124641436,0.8170680439613236,0.9946629624214066,0.8971611329090967,13678.0,0.916074478596394,0.9037969217482495,0.9120567375886524,0.1829823562891292,0.30481156672197196,3514.0,0.5904187735366841,0.9095339440486104,0.9132602772083146,0.9033034144535949,0.8782849142459151,32421.0,0.9172405348063476,0.9468261035740976,4296.337342739105,23.546864748001102,2.065694570541382,4341.77848815918
0,11.0,3.0,25.0,0.9999334841027006,0.987065003282994,0.9934575733544806,15230.0,0.9935034217299001,0.9938934122871946,0.8077241053501829,1.0,0.8936364824251927,13678.0,0.9131548063586898,0.8995805576116457,1.0,0.1296928327645051,0.229607250755287,3516.0,0.5648464163822525,0.9056254626202812,0.9188575523027368,0.8995497162595608,0.8685176949930952,32424.0,0.9131257264470928,0.9445361048210884,3382.667891740799,63.97327303886414,7.3706510066986075,3502.4692027568817
0,14.0,5.0,41.0,1.0,0.9874589625738672,0.9936899137731672,15230.0,0.9937294812869336,0.9941089383751772,0.8166295917753863,0.993054540137447,0.8962422882781829,13678.0,0.9151679017375242,0.9029979643451976,0.8973988439306358,0.17672168468981214,0.29529243937232524,3514.0,0.5871328085826257,0.9085805934242182,0.9115205445029914,0.90194929368947,0.8768847399231593,32422.0,0.916518143523694,0.9464017485984908,3959.118571996689,58.72205901145935,5.501962661743164,4058.600902080536
0,2.0,5.0,41.0,1.0,0.9870667016806722,0.9934912611094592,15232.0,0.993533350840336,0.9939246283846296,0.8101310872530992,0.9984648000584838,0.8944921081930709,13679.0,0.9138587402436764,0.9006352926663789,0.9621212121212122,0.14452347083926032,0.25129854068760826,3515.0,0.5719158463116782,0.9066489853821008,0.9157971752032692,0.9005427743169062,0.8712740025815471,32426.0,0.9142187722068341,0.9451095198777574,3994.891745805741,253.2870843410492,6.767961502075195,4291.749109983444
0,6.0,4.0,47.0,1.0,0.9871306631648064,0.9935236584721122,15230.0,0.9935653315824032,0.9939549085525708,0.8147838047963638,0.9959792382484101,0.8963157894736842,13679.0,0.9153765162646234,0.9027850599882801,0.9221374045801528,0.17188389299943085,0.2897577356680259,3514.0,0.5850598682541863,0.9086759399191932,0.9134200569195976,0.9025074792585509,0.8762384013162952,32423.0,0.9163043439234184,0.9462485687848556,3808.396025657654,189.6353056430817,3.2720577716827397,4023.49218082428
0,6.0,1.0,41.0,1.0,0.9871323529411764,0.9935245143385754,15232.0,0.9935661764705884,0.9939552814186584,0.8138978591077622,0.9951012648972728,0.8954241915852494,13677.0,0.914555112926554,0.9019583654587511,0.9344262295081968,0.1621160409556314,0.27629665535627723,3516.0,0.5803661944028911,0.9079105628373167,0.914390860199466,0.9010331534309944,0.8743728947093079,32425.0,0.9154337029766244,0.9458203531190238,4195.229777097702,181.1658570766449,1.6219840049743652,4395.098027706146
0,7.0,1.0,34.0,1.0,0.9870658525375878,0.9934908309928959,15231.0,0.9935329262687941,0.9939244410177333,0.8096141307569201,0.9985379048176036,0.8942062193126022,13679.0,0.9135973424653472,0.9003238242097147,0.9615384615384616,0.1422475106685633,0.2478314745972739,3515.0,0.5707778542619883,0.9063993831919815,0.915513319566125,0.9003238242097147,0.8707735806951211,32425.0,0.9139824889842522,0.9449494706068032,4011.156379461289,245.201153755188,4.536326885223389,4296.4954726696005
0,11.0,4.0,48.0,1.0,0.987131508108463,0.9935240864336218,15231.0,0.9935657540542316,0.9939552814186584,0.8105925662035388,0.9980261715037648,0.8945971626093511,13679.0,0.9139282676573556,0.900786430223593,0.9507299270072992,0.14822190611664296,0.2564607432931332,3515.0,0.5736439866107256,0.9068311488049344,0.9147543995845449,0.900786430223593,0.8718895747256491,32425.0,0.9144482154578772,0.9452059200729518,3702.3967196941376,58.30248475074768,5.770466566085815,3810.713969230652
0,10.0,4.0,56.0,1.0,0.9871963230466184,0.9935569139269784,15230.0,0.9935981615233092,0.9939859363434492,0.8161685271876126,0.9942243017985084,0.8964403427818062,13678.0,0.9154147221144466,0.9030964717493216,0.9090909090909092,0.17918088737201365,0.2993585174625802,3516.0,0.5885007799251103,0.9090488527017024,0.9125930406870156,0.9025413274117936,0.8773108609386829,32424.0,0.9166886044688528,0.9464339722797046,3776.453227758408,64.09182667732239,7.795912504196168,3895.7657809257507
0,19.0,2.0,47.0,0.9998670124343374,0.9873276428102429,0.9935577653705112,15230.0,0.9936056548160102,0.9939855653568564,0.8145489351519503,0.9955399575930394,0.8959957885039319,13677.0,0.9150812618053222,0.902504472271914,0.9388083735909822,0.16586059743954482,0.2819148936170213,3515.0,0.5822730184762328,0.9083955338967368,0.9150722293078924,0.9017333909074086,0.8752498308872059,32422.0,0.9158864413208064,0.9461157278790612,3742.553218126297,74.69898915290833,6.9148733615875235,3875.990773677826
0,9.0,1.0,74.0,0.9998007835845674,0.9885102750968421,0.9941234730934302,15231.0,0.9941678876647542,0.9945100700120284,0.8378579397545556,0.9883746435621849,0.9069135553990136,13677.0,0.9244124364722264,0.9144126083335904,0.9,0.2893314366998578,0.4378902045209904,3515.0,0.6427112420803842,0.9194707460753168,0.920668931832329,0.9126545970453074,0.8970340617700283,32423.0,0.926641273372762,0.9525874778085452,4974.7751076221475,24.81388807296753,0.9154076576232909,5011.014193773271
0,10.0,2.0,66.0,0.999800862927315,0.9889691398555482,0.9943555042086152,15230.0,0.9943973251188404,0.994725966135151,0.8430540827147401,0.9880108195043498,0.9097946819252776,13679.0,0.9268905996796184,0.9173426271473952,0.8914421553090333,0.3201479795105293,0.471105527638191,3514.0,0.6577044854486473,0.9220923418560898,0.9219267703048416,0.9160780927119636,0.9019702250647282,32423.0,0.929426065954538,0.9542065432029692,4319.3787031173715,89.14587831497192,5.784656047821045,4444.4676961898795
0,7.0,3.0,43.0,1.0,0.987065003282994,0.9934904008194824,15230.0,0.9935325016414972,0.9939240662492675,0.8135724962630793,0.9948091826290392,0.8951090352925698,13678.0,0.9142357462891796,0.9016438947660612,0.9140127388535032,0.16330014224751066,0.2770938933140236,3515.0,0.5807160736144154,0.907627301606884,0.9120315634258538,0.9010270486999971,0.8743220930885878,32423.0,0.9153265748542104,0.9456391662318332,4485.947921276093,12.551644802093506,2.913392305374145,4519.628305435182
0,20.0,5.0,40.0,1.0,0.9870658525375878,0.9934908309928959,15231.0,0.9935329262687941,0.9939244410177333,0.8142934164020847,0.9937129907156956,0.8951007506914264,13679.0,0.9141721893725708,0.9017424826522744,0.9030769230769232,0.1669985775248933,0.28187274909963983,3515.0,0.5824097003847226,0.9077563608326908,0.9111498851990596,0.9009714726291442,0.8748411635665707,32425.0,0.915485936014794,0.9456950559651032,901.2013118267059,9.31901216506958,0.9109714031219482,927.3639199733734
0,13.0,1.0,49.0,0.9998670301176784,0.9873941303919638,0.9935914376321352,15231.0,0.993638901990026,0.9940167776955342,0.8183129922443335,0.9950288763798524,0.8980601741884403,13679.0,0.9169062760133456,0.904700222057735,0.9245810055865922,0.1883892999430848,0.3130023640661939,3514.0,0.5932607170763503,0.910375030841352,0.9151139837855872,0.9040217123118678,0.8795289482058762,32424.0,0.9178754387368288,0.9472712107384949,3861.558001279831,71.83562326431273,7.250020265579224,3983.6246371269226
0,19.0,3.0,36.0,1.0,0.9871306631648064,0.9935236584721122,15230.0,0.9935653315824032,0.9939550949913644,0.8116658722592945,0.99590613348929,0.8943964809769227,13679.0,0.913637249193298,0.900783370342956,0.9228130360205832,0.15305832147937412,0.2625671059053197,3515.0,0.5757508564053967,0.9067974339995064,0.912178179380929,0.9004132741179374,0.8724629336007522,32424.0,0.9145512025653864,0.945199383177524,1395.7183201313019,18.06502485275269,2.1000204086303706,1439.699039697647
0,8.0,5.0,57.0,0.9998005451765176,0.9873284748210884,0.9935253699788584,15231.0,0.9935769976757529,0.9939552814186584,0.8157579388855603,0.9953212954163316,0.8966380190325661,13679.0,0.915643150642125,0.9031919814957594,0.9212481426448736,0.1763869132290185,0.2960840496657116,3515.0,0.587276818772932,0.9090824980724751,0.9136438603236962,0.9027910562837316,0.8770464705341385,32425.0,0.9166548011478759,0.9464647952781136,4323.911594390869,22.38299059867859,1.1135914325714111,4363.649225711823
0,18.0,1.0,35.0,1.0,0.9871306631648064,0.9935236584721122,15230.0,0.9935653315824032,0.9939549085525708,0.8096311232356779,0.9980991373007748,0.8940406024885397,13678.0,0.913426735894986,0.9001943065108102,0.9506641366223908,0.14253200568990046,0.247897080653142,3515.0,0.5708163003404532,0.9062393979582396,0.9143422553078157,0.9001943065108102,0.8707217382063446,32423.0,0.9139274647401016,0.9448916653466284,3903.3421638011932,40.27466225624085,4.929293394088745,3981.317575216293
0,2.0,2.0,38.0,0.9999334929502528,0.987131508108463,0.9934912611094592,15231.0,0.9935366724512537,0.9939242536392796,0.8088217880402605,0.9988301528112892,0.8938397618346584,13677.0,0.9132946304676276,0.8999198124845793,0.9678714859437751,0.13708759954493746,0.2401594419531639,3516.0,0.5682670597697014,0.90593387614113,0.9158425478266178,0.8998889711324944,0.8697666055538525,32424.0,0.913573732456238,0.9447300484531109,3069.8298377990723,180.517790555954,6.691401481628418,3286.898364543915
0,17.0,3.0,85.0,0.9997365821534407,0.9966517857142856,0.9981918006378012,15232.0,0.9982095732107544,0.9983038302596682,0.9031757804598476,0.9793814432989691,0.9397362143959591,13677.0,0.9513953458961112,0.9470178252019984,0.8872053872053872,0.5993744668751777,0.7154250806041066,3517.0,0.795051998735593,0.9482822426447912,0.946802692762348,0.9462776784062172,0.9428662098344897,32426.0,0.9564287992512306,0.9712463882435308,4261.081032752991,37.86745810508728,0.9152219295501708,4312.242020845413
0,6.0,2.0,27.0,0.9999334841027006,0.987065003282994,0.9934575733544806,15230.0,0.9935034200385192,0.9938932239459642,0.8093657379964434,0.9982453575084076,0.8939374099777398,13678.0,0.9133398033207548,0.9000709372975974,0.9537572254335259,0.14082503556187767,0.2454139811601388,3515.0,0.5699974077767878,0.9061160287450268,0.9145343791320459,0.9000400949942942,0.8703779687148677,32423.0,0.913772932959422,0.9447972711375364,4220.6794459819785,30.10922336578369,5.029515504837036,4278.926746606827
0,2.0,3.0,41.0,1.0,0.9871298181101844,0.9935232304540348,15229.0,0.9935649090550922,0.9939549085525708,0.8100041535631638,0.9979530667446452,0.8942093541202673,13679.0,0.913562534225929,0.9003793603306295,0.947858472998138,0.14480796586059744,0.25123395853899305,3515.0,0.5719196879254558,0.9064244517780587,0.9141895984078886,0.9003793603306295,0.8711514170761556,32423.0,0.9141017058487636,0.9449869080686444,3989.821944236755,22.964600801467896,3.815519571304321,4046.018940448761
0,18.0,2.0,51.0,1.0,0.9872619829284308,0.9935901671842992,15230.0,0.9936309914642154,0.9940164086114368,0.8140673513255314,0.9967831554320808,0.8962071912180372,13678.0,0.9153249964100224,0.9025970020356548,0.9294670846394985,0.16875355719977236,0.28564547206165697,3514.0,0.5835984473421028,0.9085189069150575,0.91391526022003,0.9025661587810746,0.8757775089914828,32422.0,0.9161550874361988,0.9461824420422978,3848.5882453918457,43.077143907547,5.188652753829956,3935.088688850403
0,9.0,5.0,30.0,0.9997340248686748,0.9871963230466184,0.9934256169678548,15230.0,0.9934818554056074,0.9938629494849812,0.8106371586650009,0.9961254477666496,0.8938598792967725,13679.0,0.9131691409100492,0.9002035403688399,0.9100346020761244,0.14955928348023886,0.2568986568986569,3517.0,0.5738802678427172,0.9061555541849132,0.9102339661885585,0.9001110220193672,0.8715380870793054,32426.0,0.9140907370116202,0.9448395125340764,3404.6748979091644,69.62507224082947,8.701565980911255,3527.263487815857
0,5.0,2.0,77.0,0.9998008893608548,0.9891004596191728,0.9944218899561011,15230.0,0.9944629799259196,0.9947874899759422,0.8427099594130503,0.9867661036777072,0.9090664151960124,13677.0,0.9261918008385868,0.9167232126333972,0.8931484502446982,0.31152204836415365,0.4619278633199747,3515.0,0.6534951370267166,0.9213188575658504,0.9219705281126463,0.914656714576522,0.9006854353290049,32422.0,0.9286975464496334,0.9538915747290276,4993.684707403183,13.943787336349487,1.31636381149292,5020.2339985370645
0,11.0,2.0,29.0,1.0,0.987065003282994,0.9934904008194824,15230.0,0.9935325016414972,0.9939240662492675,0.8077241053501829,1.0,0.8936364824251927,13678.0,0.913150173379568,0.8995774604447461,1.0,0.12972972972972974,0.2296650717703349,3515.0,0.5648648648648649,0.9056533941954784,0.9188862940807392,0.8995774604447461,0.8685590888679404,32423.0,0.913150173379568,0.9445534254552844,3139.634279489517,75.58227682113646,10.177366256713867,3286.0899970531464
0,6.0,3.0,50.0,0.9999335017954516,0.9873276428102429,0.9935905907228756,15230.0,0.9936347414935244,0.9940167776955342,0.8162628927800432,0.9951019811389722,0.8968538955690992,13679.0,0.9158225296465734,0.9034357266222552,0.9309309309309308,0.1763869132290185,0.2965797656063143,3515.0,0.5873978566283458,0.9092955835183816,0.9149663695073142,0.9026955341722182,0.8772183262492379,32424.0,0.9167683494334596,0.9466181472007132,4193.840576887131,252.41391110420227,1.2148313522338867,4459.6914892196655
0,19.0,4.0,30.0,1.0,0.987065003282994,0.9934904008194824,15230.0,0.9935325016414972,0.9939242536392796,0.8125335720680394,0.9953209533557538,0.8946866887917722,13678.0,0.9138826040650528,0.9011534665679743,0.9316239316239316,0.1550056882821388,0.265788831992197,3516.0,0.5768109941341509,0.90713668887244,0.9135030823567846,0.9003207500616827,0.8728996072988879,32424.0,0.9147438229020932,0.9453779945940808,1788.682225227356,14.965395212173462,2.227926254272461,1825.7818794250488
0,2.0,4.0,28.0,0.9999334885267708,0.9871306631648064,0.993490830992896,15230.0,0.9935362499794252,0.9939240662492675,0.8094476055002371,0.998391695299364,0.8940460214068279,13679.0,0.9134350708677784,0.900163464207507,0.9573643410852714,0.14058053500284576,0.24516129032258066,3514.0,0.5699097631602142,0.9061777133516332,0.9149554057451228,0.9001326219042038,0.8704320284069751,32423.0,0.9138296372739101,0.944857293914458,4154.70761036873,21.300693988800052,3.494443655014038,4206.341474533081
0,1.0,5.0,98.0,0.9999342321604736,0.99822729958637,0.999080036798528,15231.0,0.9990845681902072,0.9991364421416234,0.9343661387371188,0.9877175025588536,0.9603013825212352,13678.0,0.9685466847052244,0.9655502097211942,0.9443830570902394,0.7294452347083926,0.8231139646869984,3515.0,0.8621109739213554,0.9660128300024672,0.9662523063580888,0.9646558105107328,0.9636453224919392,32424.0,0.9713532779680688,0.9813773136036342,5552.785260438918,55.283352851867676,2.3395061492919917,5631.7717349529275
0,19.0,5.0,53.0,1.0,0.987131508108463,0.9935240864336218,15231.0,0.9935657540542316,0.9939550949913644,0.8154279887229321,0.9937860954748154,0.8958154859967052,13679.0,0.9148178276787254,0.902479644707624,0.8978102189781022,0.17501422879908934,0.2929268873541319,3514.0,0.5862964606465181,0.9084320256600048,0.9110579992360608,0.9019245003700962,0.8763746137300099,32424.0,0.9162052438788906,0.9460948448660966,1135.7137959003446,12.44732141494751,1.0127723217010498,1166.1606266498566
0,17.0,1.0,40.0,1.0,0.987065003282994,0.9934904008194824,15230.0,0.9935325016414972,0.9939242536392796,0.8127761194029851,0.9952481906572118,0.8948042985310066,13679.0,0.9139751222691236,0.9012768319763138,0.9291736930860034,0.15675675675675674,0.2682570593962999,3515.0,0.5776519609997073,0.9072908956328646,0.9133361111679846,0.900505798174192,0.8732361944196999,32424.0,0.9148844171118096,0.9454465724673,3637.237569332123,80.7906563282013,7.1615450382232675,3777.29773068428
0,13.0,3.0,74.0,0.9994026680825644,0.9886415862385924,0.9939930028384713,15231.0,0.9940590586924944,0.9943868739205528,0.831486270163773,0.987351952039772,0.90274064171123,13678.0,0.9206737355419172,0.9102516654330126,0.8623595505617978,0.2620199146514936,0.4019201396465197,3515.0,0.6284674965003983,0.9154638539353566,0.9137109875737216,0.9093264248704664,0.8913133239087242,32424.0,0.9234687924958866,0.9503387676739288,4154.977006673813,52.28709268569946,5.6382808685302725,4242.568132638931
0,11.0,5.0,36.0,1.0,0.9871963230466184,0.9935569139269784,15230.0,0.9935981615233092,0.9939859363434492,0.8123322798020156,0.9958330287301704,0.8947714135575408,13679.0,0.9139741297291822,0.9011843079200592,0.9250425894378196,0.15448079658605973,0.264748902974159,3515.0,0.5764793896106126,0.9069824821120158,0.9127010226155228,0.9005674808783617,0.8728732531185432,32424.0,0.9147877243722794,0.9454030774479694,3795.0868339538574,44.146713733673096,7.075516939163207,3881.2466883659363
0,1.0,3.0,36.0,1.0,0.9870658525375878,0.9934908309928959,15231.0,0.9935329262687941,0.9939242536392796,0.8096254148885728,0.9986840181313056,0.8942716857610474,13678.0,0.9136703991221984,0.9003824327658525,0.9652509652509652,0.1422475106685633,0.24795437639474335,3515.0,0.5708124336005654,0.9064581791265728,0.9159238085277276,0.9003824327658525,0.8708137983506022,32424.0,0.9140170683228294,0.9449818567166636,3374.421441078186,282.31883192062384,6.632568120956421,3703.381686449051
0,15.0,2.0,41.0,1.0,0.9871971636793382,0.9935573396768758,15231.0,0.9935985818396692,0.9939859363434492,0.8130969436485196,0.9957599239710504,0.8952055469751241,13679.0,0.9143643578244156,0.9016469282013324,0.9346733668341708,0.15879339783722254,0.27146679639990273,3514.0,0.5787221918276392,0.9076301505057982,0.9140696799661788,0.9010301011596348,0.8738071440982135,32424.0,0.9152084823822632,0.9456711225077248,3898.0874869823456,50.59023332595825,6.0732977390289316,3996.515257835388
0,19.0,1.0,64.0,1.0,0.9892324863764691,0.994587101458842,15231.0,0.9946162431882344,0.9949423302288288,0.8285452322738386,0.9909350098691424,0.9024934252138886,13679.0,0.9206555350193848,0.9096712514648738,0.8852284803400637,0.2369169510807736,0.3737940318599955,3516.0,0.6165906097500028,0.9139270955406156,0.9152264716323169,0.9083759945722568,0.8884235959365987,32426.0,0.9224258202495276,0.9501858801092984,3912.677654266357,35.70849585533142,2.925267457962036,3984.499682188034
0,20.0,4.0,33.0,1.0,0.9871306631648064,0.9935236584721122,15230.0,0.9935653315824032,0.9939550949913644,0.8092643051771117,0.9987572190949632,0.8940806910768626,13679.0,0.9134890389953342,0.9001665433012583,0.9683168316831684,0.1391180654338549,0.24328358208955225,3515.0,0.5692823022869575,0.906180606957809,0.9160979550297328,0.9001048605970886,0.8702392327539924,32424.0,0.9137874369897556,0.944872288304746,1113.1370408535004,8.344563484191895,0.9193742275238036,1134.5454728603365
0,8.0,2.0,32.0,1.0,0.9872628192502134,0.9935905907228756,15231.0,0.9936314096251068,0.9940167776955342,0.809916375066722,0.9984645755648168,0.8943611238457003,13677.0,0.9137519442607784,0.900505798174192,0.9600760456273764,0.14362912400455066,0.24987629886194954,3516.0,0.5714513407486431,0.9064890204786578,0.9154901812920496,0.900505798174192,0.8710868629699106,32424.0,0.9141564352247376,0.9450808888080456,3403.8282997608185,206.49855637550357,9.998517990112305,3656.293550252913
0,4.0,2.0,34.0,0.9999334841027006,0.987065003282994,0.9934575733544806,15230.0,0.9935034200385192,0.9938932239459642,0.8099620042745191,0.997441146366428,0.8939781141471724,13678.0,0.9133378044448838,0.9001943065108102,0.9357798165137616,0.14509246088193456,0.2512315270935961,3515.0,0.5719408616849136,0.9062393979582396,0.9128369772197784,0.900163464207507,0.8710258244217918,32423.0,0.9139827809026382,0.9448626903425072,4437.273138284683,8.958591222763063,0.9139990806579591,4458.702563285829
0,15.0,3.0,65.0,0.9998011664899258,0.9904793171372293,0.9951184115047166,15230.0,0.9951524137596808,0.9954353391111248,0.8541270445036135,0.9850124287176488,0.914912399837023,13678.0,0.9311298473276162,0.922709187922154,0.8762409000661814,0.3766714082503556,0.5268603263032232,3515.0,0.6851013053428339,0.926657002744965,0.9249516776391644,0.9216297073065416,0.9105184362688051,32423.0,0.9345309317949336,0.9572987031338928,4269.14396238327,59.52726125717163,2.317221164703369,4355.6965391635895
0,13.0,2.0,28.0,0.9999334841027006,0.987065003282994,0.9934575733544806,15230.0,0.9935034217299001,0.9938934122871946,0.8076287198866321,1.0,0.8935781015221794,13678.0,0.9131014616451508,0.8995188749074761,1.0,0.1291240045506257,0.2287153652392947,3516.0,0.5645620022753128,0.9055637799161116,0.9188173141343906,0.8994880335553911,0.8683963526705673,32424.0,0.913072381733554,0.9445033953338108,3215.2885603904724,83.52936005592345,10.006570577621462,3362.8418910503387
0,8.0,3.0,38.0,0.9999334885267708,0.9871306631648064,0.993490830992896,15230.0,0.993536251670806,0.9939242536392796,0.8116399594924644,0.9960523430075298,0.8944397032757827,13679.0,0.9136836801727432,0.9008142116950408,0.9228130360205832,0.15305832147937412,0.2625671059053197,3515.0,0.5757508564053967,0.9067974339995064,0.9121360059762056,0.9004749568221071,0.8724657486549605,32424.0,0.9145571315782848,0.9451979078833876,3777.187124729157,31.668163776397705,5.0143916606903085,3843.1274464130397
0,10.0,3.0,46.0,1.0,0.9873284748210884,0.9936238395718392,15231.0,0.9936642374105442,0.994047802621434,0.8166177087704574,0.9958330287301704,0.8973649538866929,13679.0,0.9163257750073556,0.9039013107170392,0.9297218155197656,0.1806543385490754,0.3025250119104336,3515.0,0.5894970067010337,0.9096993060909792,0.9150188379282362,0.9034695451040864,0.8780976197871989,32425.0,0.9172244334581264,0.9468743615091822,3885.438225030899,47.14741325378418,7.135385036468506,3983.7679526805878
0,6.0,5.0,62.0,0.9996013289036544,0.9877872619829284,0.9936591809775428,15230.0,0.9937191616689868,0.9940786430223592,0.8184937691890916,0.9939323049930552,0.8977220204688017,13679.0,0.9165489968366534,0.9044564379336932,0.9046979865771811,0.19169510807736065,0.3163576625205351,3516.0,0.5946195627556888,0.9101619121048574,0.9129074056667884,0.9040555127216654,0.8797434814403368,32425.0,0.9178873999258672,0.9471705977081326,4623.443583011627,13.650139331817627,1.116121768951416,4652.3835899829855
0,4.0,4.0,61.0,0.9998670919723552,0.9877888655462184,0.9937912813738442,15232.0,0.9938362695671532,0.99420200462606,0.8224332990501543,0.9938587512794268,0.9000562783460787,13678.0,0.9186501843024328,0.9068928296067847,0.9029585798816568,0.2170697012802276,0.35,3515.0,0.6071166562437113,0.9125983037779491,0.9145140360097129,0.9068003084040092,0.8844610199877891,32425.0,0.920198190458973,0.948525770103477,4575.153132438661,162.4507441520691,1.0239536762237549,4750.9109365940085
0,5.0,3.0,52.0,0.9998670477963172,0.9875902823374918,0.9936907475308029,15230.0,0.99373698472792,0.9941094834232844,0.8235830143976672,0.991081219387382,0.8996018579960186,13679.0,0.9180840856352253,0.9066769468003084,0.8890173410404625,0.21871444823663247,0.3510614015065053,3516.0,0.6076968415384968,0.9123207401696222,0.9134788639315918,0.9056900539707016,0.8843144421933242,32425.0,0.9199614056949829,0.9483559324673688,5058.714732885361,15.898494958877563,1.0161325931549072,5086.064771413803
0,7.0,2.0,91.0,0.9999341412012644,0.9969139855548259,0.9984217794436772,15230.0,0.9984279111744352,0.998519569441446,0.920229869330232,0.9834759084594576,0.9508022902382128,13677.0,0.9606379862365568,0.9570675138019308,0.9168271082017712,0.6771899886234357,0.7789955831833797,3516.0,0.8348588750326505,0.9583320482373624,0.957300219158075,0.9565740369490794,0.954539527341332,32423.0,0.9647493023334928,0.9766758446308114,5285.970745563507,100.56778764724731,0.917766571044922,5398.357547044754
0,8.0,1.0,19.0,0.9999334841027006,0.987065003282994,0.9934575733544806,15230.0,0.9935034200385192,0.9938932239459642,0.8076764098021848,1.0,0.8936072910201548,13678.0,0.9131234995998934,0.8995466181414428,1.0,0.12916073968705544,0.22877299067775256,3515.0,0.5645803698435278,0.905591709588872,0.9188349287900076,0.8995157758381396,0.8684346430310187,32423.0,0.9130944179969154,0.9445192395164104,4216.483197450638,28.99172401428223,5.434788227081299,4277.210295438767
0,11.0,1.0,34.0,1.0,0.9871971636793382,0.9935573396768758,15231.0,0.9935985818396692,0.9939859363434492,0.8111904761904762,0.9963444948091826,0.8942844018636393,13678.0,0.9135675317319144,0.9006291635825314,0.9202772963604852,0.15106685633001424,0.25953079178885635,3515.0,0.5747378281788437,0.9065507031828276,0.9117085501492858,0.9004132741179374,0.8721053732558346,32424.0,0.9144300569046928,0.9451249450288852,3500.5628385543823,70.34566187858583,7.326738119125366,3630.301427125931
0,14.0,2.0,46.0,0.9996677740863787,0.9877880638172148,0.9936924143852579,15231.0,0.9937486323506222,0.9941094834232844,0.8151939655172413,0.9954675049345711,0.8963565151565018,13679.0,0.9153961871200116,0.9028835774865072,0.9133034379671152,0.17382645803698435,0.29206500956022946,3515.0,0.5859101159088416,0.908650732459522,0.9124823347995186,0.9027910562837316,0.8765704993965108,32425.0,0.9164830815841648,0.9463603183670994,3859.496922016144,68.93426990509033,6.387024641036987,3984.192482471466
0,16.0,1.0,29.0,1.0,0.9871971636793382,0.9935573396768758,15231.0,0.9935985818396692,0.9939861218195836,0.8101513802315227,0.9977335867816932,0.8942109229105921,13678.0,0.9135731464073292,0.9004163454124904,0.9430147058823528,0.14590443686006827,0.2527093596059113,3516.0,0.5724160532219674,0.9064302235929068,0.9137360149480068,0.9004163454124904,0.8713158042425275,32425.0,0.9141701878084159,0.9450210041677342,3513.5154151916504,81.9530384540558,10.581161260604857,3669.154123783112
0,18.0,3.0,33.0,0.9999334885267708,0.9871306631648064,0.993490830992896,15230.0,0.9935362550529776,0.9939246283846296,0.8091910458367879,0.9989034286132028,0.894094552592835,13679.0,0.9135179649066972,0.9001727009190156,0.9740518962075848,0.13875462041512654,0.2429069188651071,3517.0,0.5691524667332126,0.9061863936347376,0.9166610702900826,0.9000801825695429,0.8701501379938253,32426.0,0.9137506516966716,0.944858817386742,3644.373020887375,74.05754494667053,7.26249361038208,3772.3006579875946
0,5.0,1.0,54.0,1.0,0.9872628192502134,0.9935905907228756,15231.0,0.9936314096251068,0.9940169622205088,0.8157500149943022,0.994297828788654,0.8962177121771218,13679.0,0.9152114343985946,0.902852737085582,0.9035087719298246,0.17581792318634426,0.29435579899976183,3515.0,0.5867674880546041,0.9086198920585968,0.9118111885409528,0.9022667694680032,0.8767124442761799,32425.0,0.9164430202513588,0.9463005046340852,4210.457282781601,45.003417253494256,4.123596906661986,4284.8922300338745
0,16.0,2.0,50.0,1.0,0.9870658525375878,0.9934908309928959,15231.0,0.9935329262687941,0.9939244410177333,0.8130455578141815,0.9942243017985084,0.8945533482436521,13678.0,0.9137121402308808,0.9011256746337702,0.8796992481203008,0.16638225255972694,0.27983735948337723,3516.0,0.5818074741300139,0.9071395528141866,0.9080912782166032,0.901094834232845,0.8743706306884511,32425.0,0.9152163371817769,0.9453681667379024,3824.398195981979,66.5694317817688,3.912287950515747,3926.605652570725
0,15.0,5.0,50.0,0.9999335062171688,0.9873284748210884,0.9935910142054839,15231.0,0.9936351591901312,0.9940171467341022,0.8143215480172001,0.9967833905987281,0.8963613055911647,13679.0,0.9154717614432804,0.9027632147042496,0.9439102564102564,0.16751990898748578,0.2845410628019324,3516.0,0.5831546276172296,0.9086535496206748,0.9155578902750706,0.9024239807561834,0.8756910322999094,32426.0,0.9161526862736601,0.9462653135234946,3903.262736320496,51.86731004714966,6.24718713760376,4002.95041680336
0,9.0,4.0,57.0,0.9998005849508108,0.987525441533714,0.9936251032204788,15231.0,0.993675481032066,0.994047802621434,0.8174993994715349,0.9951750858980921,0.8976294879825921,13679.0,0.9165302507267052,0.9042405551272168,0.9153952843273232,0.1877667140825036,0.3116147308781869,3515.0,0.5928283587707572,0.9100693909020816,0.9137440684400144,0.9040555127216654,0.8791951732398401,32425.0,0.9176771081686724,0.9470575958159778,4358.243327140808,12.178069591522215,1.7353463172912598,4386.852538347244
0,17.0,5.0,58.0,1.0,0.9873268106901306,0.9936229968610608,15229.0,0.9936634053450653,0.9940474354624804,0.8169926797071883,0.9953944001754514,0.8974130828802108,13679.0,0.9163378317565264,0.9039879098171052,0.9170182841068916,0.18549075391180656,0.3085660198769522,3515.0,0.5917248981956985,0.9098787897480184,0.9137945944036748,0.9038028559972858,0.8787653128884738,32423.0,0.9174659413920798,0.9469272725846029,3969.764719486237,34.33000874519348,3.7275006771087646,4032.5120775699615
0,3.0,2.0,47.0,1.0,0.9871971636793382,0.9935573396768758,15231.0,0.9935985818396692,0.9939859363434492,0.8150565969934719,0.994955402836672,0.8960658436213993,13678.0,0.9151134637142924,0.9026338514680484,0.919452887537994,0.1721194879089616,0.2899592619218787,3515.0,0.5851430744052054,0.9086170737725142,0.9132500935533172,0.9021095484826056,0.8761555408132062,32424.0,0.9162102104372808,0.9461946283967873,4363.947721481323,170.7203938961029,5.4408836364746085,4568.765261411667
0,16.0,4.0,72.0,0.9996021220159153,0.9897570584372948,0.9946552292972616,15230.0,0.9947040497490648,0.9950037009622502,0.8442746178902529,0.9853059434169164,0.9093546537125122,13679.0,0.9263419554374528,0.9171292869479398,0.8721461187214612,0.3260312944523471,0.4746324290743425,3515.0,0.6601099777114896,0.9217554897606712,0.9202555645117536,0.9159264742166296,0.9022944250717698,32424.0,0.929591070125927,0.9542094876734736,4152.454391956328,58.28824782371521,2.319148540496826,4230.9772646427145
0,4.0,1.0,27.0,0.9994681911852688,0.987131508108463,0.993261544559688,15231.0,0.9933331147614548,0.9937085582112568,0.807774102079395,0.9996344762044008,0.8935210899467442,13679.0,0.9130253891744292,0.899491133384734,0.9977876106194692,0.1283072546230441,0.22737585076884295,3515.0,0.5641363322579075,0.9054741711642252,0.9184168207745352,0.8993060909791827,0.8681593736321542,32425.0,0.9129273763249124,0.94439648343339,3849.801444530487,29.4129331111908,6.031906127929688,3916.839242458344
0,13.0,4.0,35.0,1.0,0.9871963230466184,0.9935569139269784,15230.0,0.9935981615233092,0.993985750855874,0.8095435684647303,0.9984646878198568,0.894133822181485,13678.0,0.9135294898155032,0.9002559911174166,0.9594594594594594,0.14139402560455192,0.2464666501363749,3515.0,0.5703337915486437,0.9062702402615428,0.9152588264337224,0.9002559911174166,0.8706216110210526,32423.0,0.9139339246519428,0.9449355188156032,3614.2132613658905,98.25198340415956,8.632469654083254,3786.154620885849
0,20.0,2.0,40.0,1.0,0.987131508108463,0.9935240864336218,15231.0,0.9935657540542316,0.9939550949913644,0.810388839418225,0.9980260271969588,0.8944730203453135,13678.0,0.9138215060768748,0.9006600049346163,0.9503676470588236,0.14708392603129444,0.25474254742547425,3515.0,0.573074980415073,0.906704909943252,0.9146323965264695,0.9006600049346163,0.8716502401601973,32424.0,0.9143415098778211,0.9451401849790182,1221.8136644363406,8.895110368728636,0.9201219081878662,1245.8613102436066
0,5.0,4.0,35.0,1.0,0.9871306631648064,0.9935236584721122,15230.0,0.9935653315824032,0.9939549085525708,0.8094448065414469,0.998757128235122,0.8941908034691541,13678.0,0.9135956886841121,0.9002868334207199,0.966796875,0.14082503556187767,0.2458405761112491,3515.0,0.5701184815279984,0.9063319248681492,0.9160126169539804,0.9002868334207199,0.870562155056978,32423.0,0.9139230883136108,0.9449407297503564,3508.4234001636505,212.0374064445496,5.449735879898071,3757.441502809525
0,4.0,3.0,76.0,0.9996020692399522,0.9896907216494846,0.994621704556703,15229.0,0.9946708712068744,0.9949725495034236,0.8429505135387488,0.9900570258809768,0.910600813636822,13678.0,0.9277269764488107,0.9179877860711864,0.9090909090909092,0.3186344238975818,0.4718769749315356,3515.0,0.6573799649152005,0.92267596076738,0.9237021646441548,0.9170933316883596,0.9025026042348662,32422.0,0.9298619103742292,0.9546567113801327,5035.0631210803995,20.92375087738037,1.0153679847717283,5066.6330659389505
0,18.0,5.0,31.0,1.0,0.9870658525375878,0.9934908309928959,15231.0,0.9935329262687941,0.9939242536392796,0.8091205211726384,0.9988302383389384,0.8940221836861565,13678.0,0.9134501133015508,0.9001048605970886,0.9683168316831684,0.1391180654338549,0.24328358208955225,3515.0,0.5692823022869575,0.906180606957809,0.9160431825797459,0.9001048605970886,0.8702021979508026,32424.0,0.9137582637021116,0.9448346725846144,3522.244829893112,75.4918611049652,10.159862518310547,3672.320173740387
0,14.0,4.0,28.0,1.0,0.987065003282994,0.9934904008194824,15230.0,0.9935325016414972,0.9939240662492675,0.8079149438865918,1.0,0.8937532671197073,13678.0,0.9132568684982664,0.8997008296579588,1.0,0.13086770981507825,0.23144654088050315,3515.0,0.5654338549075391,0.9057767634086914,0.918966801421238,0.8997008296579588,0.868801486085157,32423.0,0.913256868498266,0.9446188446602553,3451.9938151836395,72.66616368293762,9.683161020278929,3597.5284605026245
0,18.0,4.0,43.0,1.0,0.9870658525375878,0.9934908309928959,15231.0,0.9935329262687941,0.9939244410177333,0.8140313134934863,0.9958330287301704,0.8958011376713906,13679.0,0.9149121400985749,0.9022667694680032,0.921875,0.1678520625889047,0.2839951865222624,3515.0,0.5830612786137189,0.9082498072474944,0.9130770998389328,0.9019583654587511,0.8753667136371781,32425.0,0.9158687296448924,0.9459697262349684,3975.930415391922,20.245651483535767,3.4859468936920166,4021.612473011017
0,2.0,1.0,25.0,1.0,0.987065003282994,0.9934904008194824,15230.0,0.9935325016414972,0.9939242536392796,0.8076764098021848,1.0,0.8936072910201548,13678.0,0.9131281340019204,0.8995497162595608,1.0,0.1296928327645051,0.229607250755287,3516.0,0.5648464163822525,0.9056254626202812,0.9188686754649112,0.8995497162595608,0.8685208001699355,32424.0,0.9131281340019204,0.944537581066414,4207.804499626161,38.107140779495246,6.635045289993286,4287.0240943431845
0,10.0,5.0,61.0,0.9997341662789924,0.9875919117647058,0.993625945374682,15232.0,0.9936796362359648,0.9940479861839264,0.8188554216867471,0.9937856411756104,0.8978796485897351,13678.0,0.9166975997642508,0.9046444211435268,0.9149797570850202,0.19283276450511946,0.3185341789992953,3516.0,0.5953267938748357,0.910534756059952,0.9142454852434424,0.9040276321470424,0.8800368348460826,32426.0,0.9180129216056732,0.9472801307673324,3750.395182609558,59.623665571212776,6.5619797706604,3861.6687154769897
0,17.0,4.0,36.0,1.0,0.987065003282994,0.9934904008194824,15230.0,0.9935325016414972,0.9939240662492675,0.8093009478672986,0.998757128235122,0.8941030172131683,13678.0,0.9135156673450884,0.9001943065108102,0.9666666666666668,0.14025604551920345,0.2449689440993789,3515.0,0.5698339865066613,0.9062702402615428,0.9159378126102532,0.9001943065108102,0.8704150051639807,32423.0,0.913843066974587,0.9448805214801383,3377.081733226776,81.4443874359131,11.15990114212036,3537.2377514839172
0,14.0,3.0,73.0,0.9997344310184569,0.9885766806722688,0.9941242490262098,15232.0,0.9941720274544829,0.9945107472168256,0.8359355638166047,0.9864015206901594,0.9049567375410826,13678.0,0.9225836607664356,0.912603694452154,0.8695652173913043,0.2843332385555872,0.4285408185129634,3517.0,0.6395723612355937,0.917753723748728,0.9165245741117548,0.9112776390045332,0.8951699779802094,32427.0,0.9255158857931838,0.9516366262912859,4087.454372882843,29.43948268890381,6.408702611923218,4160.102883577347
