,Rep.,Kfold,Num. Vars.,Precision-Background,Recall-Background,F1_score_Background,Num. Obs. Background,AUC_Background,Precision-DoS,Recall-DoS,F1_score_DoS,Num. Obs. Dos,AUC_DoS,Precision-Botnet,Recall-Botnet,F1_score_Botnet,Num. Obs. Botnet,AUC_Botnet,Precision-Scan,Recall-Scan,F1_score_Scan,Num. Obs. Scan,AUC_Scan,Precision-SSHscan,Recall-SSHscan,F1_score_SSHscan,Num. Obs. SSHscan,AUC_SSHscan,Precision-UDPscan,Recall-UDPscan,F1_score_UDPscan,Num. Obs. UDPscan,AUC_UDPscan,Precision-Spam,Recall-Spam,F1_score_Spam,Num. Obs. Spam,AUC_Spam,Precision-w,Recall-w,F1_score_w,Total Obs.,AUC_w,Time
0,2,5,89,0.8186677631578947,0.8880463871543265,0.8519469405220368,4484,0.8190586143762565,0.991304347826087,0.8571428571428571,0.9193548387096774,133,0.9285079767947788,0.990909090909091,0.9646017699115044,0.9775784753363228,113,0.9822375938165115,0.9818181818181818,0.84375,0.907563025210084,64,0.9218120990061645,0.0,0.0,0.0,19,0.5,1.0,0.5,0.6666666666666666,6,0.75,0.8385568513119533,0.7204132748904195,0.7750084203435499,3194,0.8142427445213667,0.8313876703182753,0.8190440534132035,0.8224549570389302,8013,0.8212692544884245,26008.588624477383
0,16,5,93,0.8211348684210527,0.8907225691347012,0.8545143346170304,4484,0.8220619648394594,0.9741379310344828,0.849624060150376,0.9076305220883534,133,0.9246216505854051,1.0,0.9285714285714286,0.962962962962963,112,0.9642857142857144,0.9838709677419356,0.953125,0.9682539682539684,64,0.9764995910920988,0.0,0.0,0.0,19,0.5,1.0,0.5714285714285714,0.7272727272727273,7,0.7857142857142857,0.8403790087463557,0.7222048230504228,0.7768233114367525,3193,0.8156572984312085,0.8333533464416106,0.8215177234148777,0.824721041461443,8012,0.8236383247115249,43419.09376502037
0,4,4,72,0.8157358336730534,0.8925066904549509,0.8523961661341852,4484,0.8181354313952759,0.9732142857142856,0.8195488721804511,0.889795918367347,133,0.9095840566004426,0.9714285714285714,0.9026548672566372,0.9357798165137614,113,0.9511375361729444,0.9661016949152542,0.9047619047619048,0.9344262295081968,63,0.9522551503932808,0.0,0.0,0.0,19,0.5,1.0,0.6666666666666666,0.8,6,0.8333333333333333,0.8469724770642202,0.7226048841577959,0.7798614630849806,3194,0.8180272241461458,0.8323842867304269,0.8215177234148777,0.8238613019105147,8012,0.8217977438703676,25987.97458600998
0,13,5,83,0.8206232062320623,0.8927297056199821,0.8551591540269173,4484,0.8223569163020545,0.975,0.8796992481203008,0.9249011857707508,133,0.9396592445703674,0.981132075471698,0.9203539823008848,0.9497716894977171,113,0.9600503928468598,0.9818181818181818,0.8571428571428571,0.9152542372881356,63,0.9285085275775928,0.0,0.0,0.0,19,0.5,1.0,0.5714285714285714,0.7272727272727273,7,0.7857142857142857,0.8464928387807565,0.7218916379580332,0.7792427315753889,3193,0.8175758252043747,0.835237588736192,0.8221417873190214,0.8257293651070554,8012,0.8243789857380085,36135.18894457817
0,9,4,93,0.8184778184778185,0.8969669937555754,0.855926792934667,4484,0.8220304206090041,0.9655172413793104,0.8484848484848485,0.9032258064516128,132,0.9239885849227136,0.981651376146789,0.9469026548672568,0.9639639639639641,113,0.973324713100886,0.9818181818181818,0.8571428571428571,0.9152542372881356,63,0.9285085196635272,0.0,0.0,0.0,19,0.5,1.0,0.6666666666666666,0.8,6,0.8333333333333333,0.8541513592946363,0.7279273638071384,0.786004056795132,3194,0.8227554610192013,0.8369046818702793,0.8268630632879791,0.8287464047249272,8011,0.8262156498608293,34879.773105859764
0,12,2,92,0.8213333333333334,0.8929527207850134,0.8556469708302169,4484,0.8230353173086065,0.9652173913043478,0.8409090909090909,0.8987854251012145,132,0.9202007383479464,0.9809523809523808,0.9115044247787609,0.9449541284403671,113,0.9556256140857976,0.9824561403508772,0.8888888888888888,0.9333333333333332,63,0.9443815434506088,0.0,0.0,0.0,19,0.5,1.0,0.7142857142857143,0.8333333333333333,7,0.8571428571428572,0.8483084758093852,0.7301189730745147,0.784788827191654,3194,0.8217842686045053,0.8361840975965728,0.8251372940589117,0.8279317719936706,8012,0.8262253551954061,37600.13177657128
0,7,5,81,0.8161106590724166,0.8947368421052632,0.8536170212765958,4484,0.8192868115315208,0.9636363636363636,0.7969924812030075,0.8724279835390947,133,0.8982424334949047,0.97196261682243,0.9203539823008848,0.9454545454545454,113,0.9599871177327208,1.0,0.8412698412698413,0.9137931034482758,63,0.9206349206349208,0.0,0.0,0.0,19,0.5,1.0,0.7142857142857143,0.8333333333333333,7,0.8571428571428572,0.8464639061927446,0.7232310582341891,0.7800101300016884,3194,0.8181417793764846,0.8325273085891568,0.8224135779358542,0.8243158196589649,8013,0.8221978902027269,28491.833728790283
0,4,1,81,0.8189813867866641,0.8929527207850134,0.854368932038835,4484,0.8210867316024812,0.9561403508771931,0.8195488721804511,0.8825910931174088,133,0.9094571772069768,0.9809523809523808,0.9196428571428572,0.9493087557603686,112,0.9596948623139928,0.9814814814814816,0.828125,0.8983050847457628,64,0.9139995990061642,0.0,0.0,0.0,19,0.5,1.0,0.5714285714285714,0.7272727272727273,7,0.7857142857142857,0.8485069191551348,0.7294927989981215,0.7845117845117845,3194,0.8215839176563547,0.8348049152977723,0.8240359415949082,0.8265332037360776,8013,0.8246389044033461,28207.092413187027
0,10,3,87,0.8184408711581519,0.8967439785905441,0.8558050441630306,4484,0.8219547557351813,0.981981981981982,0.8195488721804511,0.8934426229508197,133,0.9096475164303702,0.981132075471698,0.9203539823008848,0.9497716894977171,113,0.9600503928468598,0.9814814814814816,0.8412698412698413,0.9059829059829059,63,0.9205720196410849,0.0,0.0,0.0,19,0.5,1.0,0.6666666666666666,0.8,6,0.8333333333333333,0.8501282521069989,0.7263619286161553,0.7833867972311329,3194,0.8207359663836277,0.8355595812491445,0.8251372940589117,0.8272087170776201,8012,0.8248927424688195,41122.805752515786
0,13,4,94,0.8184054109448657,0.8904995539696701,0.8529317526433834,4484,0.8196472819465588,0.9727272727272728,0.8106060606060606,0.8842975206611571,132,0.9051126508132472,0.9716981132075472,0.9196428571428572,0.9449541284403671,112,0.9596315311160544,0.9818181818181818,0.8571428571428571,0.9152542372881356,63,0.9285085196635272,0.0,0.0,0.0,19,0.5,1.0,0.5714285714285714,0.7272727272727273,7,0.7857142857142857,0.8432944606413995,0.7244834063869756,0.7793869989895588,3194,0.81760811382251,0.8325174265508922,0.8207464735988016,0.8237700804866106,8011,0.8222679273409831,40760.65270447732
0,3,2,90,0.819950839819746,0.8927297056199821,0.8547939355114242,4484,0.821825323198203,0.9910714285714286,0.8345864661654135,0.906122448979592,133,0.9172297813060569,0.9813084112149532,0.9292035398230089,0.9545454545454544,113,0.9644751876330234,0.9833333333333332,0.921875,0.9516129032258064,64,0.9608745990061642,0.0,0.0,0.0,19,0.5,1.0,0.7142857142857143,0.8333333333333333,7,0.8571428571428572,0.8453720508166969,0.7294080801753836,0.7831203765971756,3193,0.8205131687183971,0.8347143651329187,0.8251591164357919,0.8272199988176356,8013,0.8252759925609904,29629.317570447918
0,12,5,82,0.8135662063363119,0.8933987511150758,0.8516156462585034,4484,0.8165973347412113,0.9906542056074766,0.7969924812030075,0.8833333333333333,133,0.8984327807715762,0.9722222222222222,0.9292035398230089,0.9502262443438914,113,0.9644118724561302,1.0,0.8571428571428571,0.923076923076923,63,0.9285714285714286,0.0,0.0,0.0,20,0.5,1.0,0.6666666666666666,0.8,6,0.8333333333333333,0.8428254437869822,0.7137488255559036,0.7729353908767171,3193,0.8127781272415333,0.8299788606690918,0.8180229655516725,0.8205741395395064,8012,0.8186212070259573,35645.865129470825
0,2,2,89,0.8162932790224032,0.8938447814451382,0.8533106238024272,4484,0.8190154139783831,0.9655172413793104,0.8421052631578947,0.8995983935742972,133,0.9207987278084764,0.9805825242718448,0.9017857142857144,0.93953488372093,112,0.9507662428101148,0.9818181818181818,0.8571428571428571,0.9152542372881356,63,0.9285085117474698,0.0,0.0,0.0,19,0.5,1.0,0.6666666666666666,0.8,6,0.8333333333333333,0.8498708963482109,0.7215784528656436,0.7804878048780488,3193,0.8185430150979661,0.8339563566108282,0.8218476903870162,0.8246788899347031,8010,0.8224745380424752,31032.072239160538
0,2,4,87,0.8171954964176049,0.8902765388046388,0.8521720567830078,4484,0.8185793124862197,0.9823008849557522,0.8409090909090909,0.906122448979592,132,0.920327641901246,0.981132075471698,0.9203539823008848,0.9497716894977171,113,0.9600503928468598,0.9824561403508772,0.8888888888888888,0.9333333333333332,63,0.9443815434506088,0.0,0.0,0.0,20,0.5,1.0,0.7142857142857143,0.8333333333333333,7,0.8571428571428572,0.8495964783565664,0.7253366739743188,0.7825646224024327,3193,0.8201283909402617,0.8345597278474318,0.8217673489765353,0.825191467730636,8012,0.8230959273365593,26738.06829643249
0,14,2,98,0.8210116731517509,0.8940677966101694,0.8559837728194726,4484,0.8231325657278237,0.9821428571428572,0.8333333333333334,0.9016393442622952,132,0.9165397470068116,0.981132075471698,0.9203539823008848,0.9497716894977171,113,0.9600503768177,0.9821428571428572,0.873015873015873,0.9243697478991596,63,0.9364450276000352,0.0,0.0,0.0,19,0.5,0.8,0.5714285714285714,0.6666666666666666,7,0.7856518169486685,0.8491457651762996,0.7316003758221109,0.7860026917900405,3193,0.8227325249803789,0.8364404633992678,0.8261140931219573,0.8285083494380593,8011,0.8265355031367687,40069.225803136826
0,9,1,97,0.8214285714285714,0.8925066904549509,0.8554938007695597,4484,0.8229889643830436,0.9734513274336284,0.8270676691729323,0.8943089430894309,133,0.9133434792565168,0.9905660377358492,0.9292035398230089,0.9589041095890412,113,0.9645384787722638,0.9661016949152542,0.9047619047619048,0.9344262295081968,63,0.9522551662174304,0.0,0.0,0.0,20,0.5,1.0,0.5714285714285714,0.7272727272727273,7,0.7857142857142857,0.849188790560472,0.7212652677732541,0.7800169348010161,3193,0.8182052479945108,0.8366420714011962,0.8212904030949707,0.8258938338742957,8013,0.8247562060968577,30332.669819116592
0,12,1,89,0.8235779060181369,0.8911685994647636,0.8560411311053986,4484,0.8242691069886176,0.9914529914529916,0.8721804511278195,0.928,133,0.936026765733982,0.9813084112149532,0.9292035398230089,0.9545454545454544,113,0.9644751716079216,1.0,1.0,1.0,63,1.0,0.0,0.0,0.0,19,0.5,1.0,0.3333333333333333,0.5,6,0.6666666666666666,0.8385585585585585,0.7285535378835316,0.7796950913050762,3194,0.8177844484768426,0.8341276166939466,0.8248876684972541,0.8270247366286393,8012,0.8260114151780218,38151.2865383625
0,20,1,68,0.8117647058823529,0.8925066904549509,0.8502230720203953,4484,0.8147340708510583,0.9734513274336284,0.8333333333333334,0.8979591836734695,132,0.9164763113367176,0.9722222222222222,0.9292035398230089,0.9502262443438914,113,0.9644118724561302,0.9649122807017544,0.873015873015873,0.9166666666666669,63,0.9363821345202652,0.0,0.0,0.0,20,0.5,1.0,0.5,0.6666666666666666,6,0.75,0.843144424131627,0.7219787100814026,0.7778714791701805,3194,0.8164688070954957,0.8285200189552482,0.8213929106340491,0.8218394829336952,8012,0.8193353011380334,27589.245019435883
0,2,1,80,0.8212966762412802,0.8927297056199821,0.8555246847617012,4484,0.8229587887691863,0.9655172413793104,0.8421052631578947,0.8995983935742972,133,0.9207988244723484,0.981651376146789,0.9469026548672568,0.9639639639639641,113,0.9733247451551472,1.0,0.8571428571428571,0.923076923076923,63,0.9285714285714286,0.0,0.0,0.0,19,0.5,1.0,0.5714285714285714,0.7272727272727273,7,0.7857142857142857,0.8463494369778424,0.7294927989981215,0.7835883638809484,3194,0.8208576258945784,0.8355515782579764,0.8249095220267066,0.8275019580962538,8013,0.8258977169356881,27597.96693205833
0,4,2,86,0.8177541419513192,0.8916146297948261,0.8530886589139016,4484,0.8195318046933315,0.9732142857142856,0.8195488721804511,0.889795918367347,133,0.9095840566004426,0.972972972972973,0.9557522123893806,0.9642857142857144,113,0.9776862087393162,0.9814814814814816,0.8412698412698413,0.9059829059829059,63,0.9205720196410849,0.0,0.0,0.0,19,0.5,1.0,0.3333333333333333,0.5,6,0.6666666666666666,0.8440939104915627,0.7204132748904195,0.7773648648648649,3194,0.8161011995041554,0.8325090242010792,0.8201447828257613,0.8232073128909608,8012,0.8218119198469747,25989.499253034588
0,8,5,85,0.8195749897834083,0.8945138269402321,0.8554062699936021,4484,0.8220797090470936,0.9827586206896552,0.8636363636363636,0.9193548387096776,132,0.9316912621583264,0.9814814814814816,0.9380530973451328,0.9592760180995475,113,0.968899934339824,0.9830508474576272,0.9206349206349206,0.9508196721311476,63,0.9602545514095591,0.0,0.0,0.0,19,0.5,1.0,0.6666666666666666,0.8,6,0.8333333333333333,0.8506254598969831,0.7238572323105823,0.7821380243572394,3194,0.8197862038654843,0.8364044091659018,0.8244913244289103,0.8273929887089657,8011,0.8253735521704688,29215.2866961956
0,5,3,89,0.8162805003075662,0.8878233719892953,0.850550154897981,4484,0.8168555317121746,0.9663865546218487,0.8646616541353384,0.9126984126984128,133,0.9320769232971982,0.981132075471698,0.9285714285714286,0.9541284403669724,112,0.9641590999529718,0.9836065573770492,0.9523809523809524,0.9677419354838708,63,0.9761275593665176,0.0,0.0,0.0,19,0.5,1.0,0.5,0.6666666666666666,6,0.75,0.8394660894660895,0.7287817099906044,0.7802179379715004,3193,0.8182002799485926,0.8298377533553858,0.8227215980024969,0.8237605226780301,8010,0.8218154537211733,26657.266817331318
0,18,2,92,0.8206967213114754,0.8931757359500446,0.8554036736437419,4484,0.8225799314670859,0.9824561403508772,0.8421052631578947,0.9068825910931172,133,0.920925711919092,0.981651376146789,0.9469026548672568,0.9639639639639641,113,0.9733247291300456,0.9818181818181818,0.8571428571428571,0.9152542372881356,63,0.9285085275775928,0.0,0.0,0.0,19,0.5,1.0,0.6666666666666666,0.8,6,0.8333333333333333,0.8429357798165138,0.7191609267376331,0.7761446190234838,3194,0.8151636929246489,0.8339726406291064,0.8211432850723914,0.8245931496844747,8012,0.8234580752888248,40170.85352182388
0,1,3,91,0.8191315034821794,0.8918376449598573,0.8539397821909033,4484,0.8207416180569063,0.981651376146789,0.8045112781954887,0.884297520661157,133,0.9021287033272444,0.9814814814814816,0.9380530973451328,0.9592760180995475,113,0.968899934339824,1.0,0.9206349206349206,0.9586776859504132,63,0.9603174603174602,0.0,0.0,0.0,19,0.5,1.0,0.8333333333333334,0.9090909090909092,6,0.9166666666666669,0.8392271235873131,0.7209520826808644,0.7756064690026954,3193,0.8147101633827734,0.8317444648187884,0.8209961303208089,0.8235474271417078,8011,0.8221874643828843,41353.33096599579
0,7,2,82,0.8181075005109342,0.8927297056199821,0.8537911912125413,4484,0.8201595209892311,0.9642857142857144,0.8181818181818182,0.8852459016393442,132,0.9088370375499091,0.9809523809523808,0.9196428571428572,0.9493087557603686,112,0.959694814238686,0.9821428571428572,0.873015873015873,0.9243697478991596,63,0.9364450196839778,0.0,0.0,0.0,19,0.5,1.0,0.5,0.6666666666666666,6,0.75,0.8449669360764144,0.7201001878522231,0.7775524002704529,3194,0.8162378015673074,0.8329894890226562,0.820474406991261,0.8236345070711689,8010,0.8221107583911489,25360.64490437508
0,18,5,86,0.8245251857968621,0.8907225691347012,0.8563464837049742,4484,0.8248281024913438,0.9741379310344828,0.8560606060606061,0.9112903225806452,132,0.9278398993745528,0.9714285714285714,0.9107142857142856,0.9400921658986174,112,0.9551672213580292,0.9830508474576272,0.9206349206349206,0.9508196721311476,63,0.9602545434935016,0.0,0.0,0.0,19,0.5,1.0,0.5714285714285714,0.7272727272727273,7,0.7857142857142857,0.8430590793765858,0.7284685248982149,0.7815860215053764,3193,0.8192892759429833,0.8358772763856367,0.8235955056179776,0.8272203487136371,8010,0.8264006868173236,40385.99586725235
0,11,2,95,0.8168063790635862,0.8909455842997324,0.8522666666666667,4484,0.8184886651657393,0.9739130434782608,0.8484848484848485,0.9068825910931174,132,0.9240520689124749,0.9813084112149532,0.9375,0.9589041095890408,112,0.968623417721519,0.9821428571428572,0.859375,0.9166666666666664,64,0.9296245910920988,0.0,0.0,0.0,19,0.5,1.0,0.5714285714285714,0.7272727272727273,7,0.7857142857142857,0.8395331874544129,0.7207263619286162,0.7756064690026954,3194,0.8147010805076871,0.8302981791191791,0.8203944083874188,0.8224805458541915,8012,0.8209205061727257,39652.911930561066
0,6,4,89,0.8184420363933755,0.8927297056199821,0.8539733333333333,4484,0.820478830694879,0.9734513274336284,0.8270676691729323,0.8943089430894309,133,0.913343430930716,0.9813084112149532,0.9292035398230089,0.9545454545454544,113,0.9644751555787618,0.9830508474576272,0.9206349206349206,0.9508196721311476,63,0.9602545514095591,0.0,0.0,0.0,19,0.5,0.8,0.6666666666666666,0.7272727272727272,6,0.8332708723714345,0.8447204968944101,0.7240839336047604,0.7797639123102867,3193,0.8179365288613258,0.8331264159502609,0.8228685557358631,0.8251247784516093,8011,0.8233871482158617,30399.033181190487
0,17,4,89,0.8187741804113216,0.8967439785905441,0.8559872272485364,4484,0.8222382024471995,0.9739130434782608,0.8421052631578947,0.9032258064516128,133,0.9208622520891644,0.9905660377358492,0.9292035398230089,0.9589041095890412,113,0.9645384707597131,0.9818181818181818,0.8571428571428571,0.9152542372881356,63,0.9285085275775928,0.0,0.0,0.0,19,0.5,1.0,0.5,0.6666666666666666,6,0.75,0.8509544787077826,0.7257357545397621,0.7833727610679283,3194,0.8207342118485443,0.8360772556737803,0.8253869196205691,0.8275693384203917,8012,0.8253001418345717,38061.60298395157
0,8,1,79,0.817025641025641,0.8882694023193577,0.8511593118922962,4484,0.817789092094523,0.9818181818181818,0.8120300751879699,0.8888888888888888,133,0.9058881501431538,0.9809523809523808,0.9115044247787609,0.9449541284403671,113,0.9556256461319448,0.9833333333333332,0.921875,0.9516129032258064,64,0.960874606918239,0.0,0.0,0.0,20,0.5,1.0,0.42857142857142855,0.6,7,0.7142857142857143,0.8417606402328119,0.7247103037895396,0.7788623359138337,3193,0.8172400305506503,0.8313760256033333,0.8198153231844273,0.8227615494934317,8014,0.8212351514006468,26783.265630960464
0,16,4,87,0.8129306850425618,0.8945138269402321,0.8517732002548312,4484,0.8164462558737441,0.972972972972973,0.8181818181818182,0.8888888888888891,132,0.9089005537609598,0.9814814814814816,0.9380530973451328,0.9592760180995475,113,0.9688999503689836,1.0,0.9206349206349206,0.9586776859504132,63,0.9603174603174602,0.0,0.0,0.0,19,0.5,1.0,0.7142857142857143,0.8333333333333333,7,0.8571428571428572,0.8469843633655995,0.7122730118973074,0.7738095238095237,3194,0.8134839530221282,0.8312267958263121,0.8191462805791313,0.8216250873585963,8012,0.8193551328979889,40273.0892457962
0,13,1,98,0.8203029062627917,0.8938447814451382,0.8554962646744931,4484,0.8225245443071542,0.9821428571428572,0.8270676691729323,0.8979591836734694,133,0.9134069310331666,0.97196261682243,0.9203539823008848,0.9454545454545454,113,0.9599871177327208,1.0,0.9523809523809524,0.975609756097561,63,0.9761904761904762,0.0,0.0,0.0,20,0.5,1.0,0.6666666666666666,0.8,6,0.8333333333333333,0.8432017543859649,0.7222917971195992,0.7780775716694772,3194,0.816634589159509,0.8337553239600729,0.8227879695494821,0.8253779314129314,8013,0.8240350181679719,40381.89153766632
0,10,2,82,0.8177905308464849,0.8898305084745762,0.8522909323934635,4484,0.8189588926617709,0.9736842105263158,0.8345864661654135,0.8987854251012146,133,0.9171028777527576,0.9813084112149532,0.9292035398230089,0.9545454545454544,113,0.9644751876330234,0.9838709677419356,0.9682539682539684,0.976,63,0.9840640910452232,0.0,0.0,0.0,19,0.5,1.0,0.5714285714285714,0.7272727272727273,7,0.7857142857142857,0.8466886205634834,0.7244834063869756,0.7808334739328496,3194,0.8187679534528778,0.8337286803731979,0.8217895919131412,0.8248640538608286,8013,0.8230766173347522,34499.71112084389
0,2,3,86,0.8149278015049827,0.893621766280107,0.8524625039889373,4484,0.8178426291717996,0.9734513274336284,0.8270676691729323,0.8943089430894309,133,0.9133434550966832,0.9714285714285714,0.9026548672566372,0.9357798165137614,113,0.9511375361729444,0.9830508474576272,0.9206349206349206,0.9508196721311476,63,0.9602545593236246,0.0,0.0,0.0,19,0.5,1.0,0.5,0.6666666666666666,6,0.75,0.8429090909090909,0.7257357545397621,0.7799461641991925,3194,0.8180359968215621,0.8304493955094746,0.8235147279081378,0.8240361662980314,8012,0.8217002722674999,24891.6488969326
0,15,4,80,0.8137594138001222,0.8916146297948261,0.8509098648504843,4484,0.8161304441491138,0.9824561403508772,0.8421052631578947,0.9068825910931172,133,0.920925711919092,0.981132075471698,0.9203539823008848,0.9497716894977171,113,0.9600503928468598,0.9814814814814816,0.8412698412698413,0.9059829059829059,63,0.9205720196410849,0.0,0.0,0.0,19,0.5,1.0,0.5,0.6666666666666666,6,0.75,0.8459280997798972,0.7219787100814026,0.779054054054054,3194,0.8174028046048358,0.8312730262986822,0.8207688467299051,0.8228650762910346,8012,0.8204291463787812,24507.246202230453
0,8,2,88,0.8151020408163265,0.8907225691347012,0.8512361466325661,4484,0.8169599240231329,0.9823008849557522,0.8345864661654135,0.9024390243902438,133,0.9171663134228516,0.97196261682243,0.9203539823008848,0.9454545454545454,113,0.9599870936950684,0.9821428571428572,0.873015873015873,0.9243697478991596,63,0.9364450355141009,0.0,0.0,0.0,19,0.5,1.0,0.5,0.6666666666666666,6,0.75,0.8458980044345898,0.7166562304320601,0.7759322033898306,3194,0.8150528972832779,0.8318857427090036,0.81827259111333,0.8218130787725235,8012,0.8200180918313389,25781.92574930191
0,11,3,87,0.8203543469303667,0.8880463871543265,0.8528592846433926,4484,0.8204404271372541,0.9827586206896552,0.8571428571428571,0.9156626506024096,133,0.9284445089115732,0.9904761904761904,0.9203539823008848,0.9541284403669724,113,0.9601136919986512,0.9836065573770492,0.9523809523809524,0.9677419354838708,63,0.9761275751966404,0.0,0.0,0.0,19,0.5,0.8333333333333334,0.7142857142857143,0.7692307692307692,7,0.8570803961809583,0.8418385812522621,0.7284685248982149,0.7810611148421761,3193,0.8188929053210726,0.8333612998125135,0.8226410384423365,0.8255243604148437,8012,0.8240828118903363,34669.47493505478
0,20,3,90,0.8179397911120213,0.8907225691347012,0.8527810398206469,4484,0.8194049229918334,0.9741379310344828,0.849624060150376,0.9076305220883534,133,0.9246216747452386,0.9636363636363636,0.9380530973451328,0.9506726457399104,113,0.9687733841156044,0.9821428571428572,0.873015873015873,0.9243697478991596,63,0.9364450434261756,0.0,0.0,0.0,19,0.5,1.0,0.42857142857142855,0.6,7,0.7142857142857143,0.8465201465201465,0.7235441452723858,0.7802160702228224,3194,0.8182983228955827,0.8334897822600957,0.8214152002995133,0.8244672998092454,8013,0.822887636454,25737.19441103935
0,6,3,84,0.8196215549156726,0.8887154326494202,0.8527712390327412,4484,0.8200663331047555,0.9747899159663864,0.8721804511278195,0.9206349206349208,133,0.9358998460741268,0.9818181818181818,0.9557522123893806,0.9686098654708521,113,0.9777495078911076,1.0,0.8571428571428571,0.923076923076923,63,0.9285714285714286,0.0,0.0,0.0,19,0.5,1.0,0.7142857142857143,0.8333333333333333,7,0.8571428571428572,0.8416454313796871,0.7240839336047604,0.7784511784511785,3193,0.8169081216062815,0.832894336995282,0.8212680978532202,0.8244265336179798,8012,0.8230810588929274,24998.128545999527
0,4,5,87,0.8175122749590835,0.8911685994647636,0.852752880921895,4484,0.8191312234635981,0.9655172413793104,0.8484848484848485,0.9032258064516128,132,0.9239885849227136,0.9904761904761904,0.9203539823008848,0.9541284403669724,113,0.9601136839840712,0.9830508474576272,0.9206349206349206,0.9508196721311476,63,0.9602545514095591,0.0,0.0,0.0,19,0.5,1.0,0.7142857142857143,0.8333333333333333,7,0.8571428571428572,0.8469945355191257,0.7281553398058253,0.7830919501515662,3193,0.8204911194670471,0.8336640721014615,0.8238671826238921,0.8259810020944208,8011,0.8237757991146991,27233.7400906086
0,9,2,90,0.8135245901639344,0.8853702051739518,0.847928235796668,4484,0.8137533938876277,0.9829059829059827,0.8646616541353384,0.92,133,0.9322039235143698,0.9716981132075472,0.9115044247787609,0.9406392694063926,113,0.9555623389716591,0.9661016949152542,0.890625,0.9268292682926828,64,0.9451866980123286,0.0,0.0,0.0,19,0.5,1.0,0.8333333333333334,0.9090909090909092,6,0.9166666666666669,0.8338171262699564,0.7194740137758296,0.7724369747899159,3194,0.8122167744745511,0.8260844945207596,0.8171720953450643,0.8190063350629541,8013,0.8174896057241777,28543.08995509148
0,7,3,93,0.8193456614509246,0.8991971454058876,0.8574162679425836,4484,0.8236778928162583,0.9914529914529916,0.8721804511278195,0.928,133,0.9360267818384942,1.0,0.9469026548672568,0.9727272727272728,113,0.9734513274336284,0.9821428571428572,0.859375,0.9166666666666664,64,0.929624606918239,0.0,0.0,0.0,20,0.5,0.8333333333333334,0.7142857142857143,0.7692307692307692,7,0.8570804117825475,0.8531052435849759,0.7184466019417476,0.7800068004080245,3193,0.8182566965319608,0.8374675209341774,0.8246818068380335,0.8276278666117832,8014,0.8255618172104341,31096.26055908203
0,17,1,97,0.8172505634091375,0.889607493309545,0.8518953550453816,4484,0.8184223354901367,0.9830508474576272,0.8721804511278195,0.9243027888446216,133,0.9359633220106104,0.981132075471698,0.9203539823008848,0.9497716894977171,113,0.9600504088719616,0.9824561403508772,0.8888888888888888,0.9333333333333332,63,0.9443815513626834,0.0,0.0,0.0,20,0.5,1.0,0.42857142857142855,0.6,7,0.7142857142857143,0.8428882438316401,0.7275289696210461,0.7809715918641789,3193,0.8188474723623903,0.8319483480548198,0.8225383751403968,0.8245098635561451,8013,0.8226445260647295,41533.21897673607
0,10,5,77,0.8198974358974359,0.8913916146297948,0.8541510845175767,4484,0.8212274205839645,0.9736842105263158,0.8409090909090909,0.902439024390244,132,0.9202641659647623,0.9724770642201837,0.9464285714285714,0.9592760180995474,112,0.9730243882589116,1.0,0.84375,0.9152542372881356,64,0.921875,0.0,0.0,0.0,19,0.5,1.0,0.5,0.6666666666666666,6,0.75,0.8439006303299963,0.7125860989355041,0.7727041249363434,3194,0.8125936515022133,0.8337638825140739,0.8172512794907003,0.8222653319756081,8011,0.8215280836585835,30014.832557439804
0,14,4,88,0.8176049129989764,0.8907225691347012,0.8525989966912156,4484,0.8190499718369848,0.982608695652174,0.849624060150376,0.9112903225806452,133,0.924685094304688,0.9809523809523808,0.9196428571428572,0.9493087557603686,112,0.959694830267846,0.9672131147540984,0.9365079365079364,0.9516129032258064,63,0.9681281504381656,0.0,0.0,0.0,19,0.5,1.0,0.8333333333333334,0.9090909090909092,6,0.9166666666666669,0.8460690668626011,0.7210394489668128,0.7785665990534145,3194,0.8170279246079653,0.8333507775389429,0.8209961303208089,0.8242074610468325,8011,0.8224526622050939,35676.052488327034
0,18,4,95,0.8183677643689916,0.8922836752899197,0.8537287954763683,4484,0.8202558155298478,0.9830508474576272,0.8721804511278195,0.9243027888446216,133,0.9359632897934096,0.9904761904761904,0.9203539823008848,0.9541284403669724,113,0.9601136839840712,1.0,0.984126984126984,0.992,63,0.992063492063492,0.0,0.0,0.0,19,0.5,0.8,0.6666666666666666,0.7272727272727272,6,0.8332708723714345,0.8445408532176428,0.7316003758221109,0.7840241651283774,3193,0.8211758624648122,0.8334352230670536,0.8267382349269754,0.8275018723270979,8011,0.825117612626755,42126.272405147545
0,13,3,89,0.8216039279869067,0.8956289027653881,0.8570209133589416,4484,0.8242316849427849,0.9823008849557522,0.8345864661654135,0.9024390243902438,133,0.9171663134228516,0.9813084112149532,0.9292035398230089,0.9545454545454544,113,0.9644751716079216,1.0,0.9047619047619048,0.95,63,0.9523809523809524,0.0,0.0,0.0,19,0.5,1.0,0.8333333333333334,0.9090909090909092,6,0.9166666666666669,0.8440899202320522,0.7288666249217283,0.7822580645161291,3194,0.8198089870146208,0.8350760217774424,0.826510234648028,0.8280837001532818,8012,0.8262972533556017,37384.45128512383
0,10,1,88,0.8187988482106129,0.8878233719892953,0.851915257864327,4484,0.8190887899901138,0.9732142857142856,0.8195488721804511,0.889795918367347,133,0.9095840807602762,0.981132075471698,0.9203539823008848,0.9497716894977171,113,0.9600504088719616,0.9830508474576272,0.9206349206349206,0.9508196721311476,63,0.9602545672356992,0.0,0.0,0.0,20,0.5,1.0,0.5714285714285714,0.7272727272727273,7,0.7857142857142857,0.8399274047186933,0.7247103037895396,0.7780766644250169,3193,0.8166082639279648,0.8314763342769634,0.8199176338450018,0.82304335607937,8013,0.8218745460772693,36918.903743743904
0,1,4,86,0.8177168576104746,0.8913916146297948,0.8529662825437473,4484,0.8194202971108157,0.9736842105263158,0.8409090909090909,0.902439024390244,132,0.920264190124596,0.9724770642201837,0.9380530973451328,0.954954954954955,113,0.9688366512171922,1.0,0.8571428571428571,0.923076923076923,63,0.9285714285714286,0.0,0.0,0.0,19,0.5,0.8333333333333334,0.7142857142857143,0.7692307692307692,7,0.8570803961809583,0.8394746442904051,0.7204132748904195,0.7754001684919966,3194,0.8145445369885888,0.8306507689426623,0.8205192211682476,0.8227532790511087,8012,0.8213790365506373,38796.69904971123
0,8,4,71,0.8201306655777868,0.8958519179304193,0.8563206139415902,4484,0.8230676823212186,0.9830508474576272,0.8721804511278195,0.9243027888446216,133,0.9359633059040544,0.9814814814814816,0.9380530973451328,0.9592760180995475,113,0.9688999503689836,0.9818181818181818,0.8571428571428571,0.9152542372881356,63,0.9285085275775928,0.0,0.0,0.0,19,0.5,1.0,0.5,0.6666666666666666,6,0.75,0.8436815193571949,0.7232310582341891,0.7788267026298045,3194,0.8171987586729269,0.8339606081941455,0.8245132301547679,0.8262987517504272,8012,0.8246671460364448,26058.278353691097
0,12,4,88,0.8195071868583162,0.8900535236396075,0.8533247808424205,4484,0.8204166115504531,0.9739130434782608,0.8421052631578947,0.9032258064516128,133,0.9208622279231972,0.9903846153846154,0.9196428571428572,0.9537037037037036,112,0.9597581294196372,1.0,0.8571428571428571,0.923076923076923,63,0.9285714285714286,0.0,0.0,0.0,19,0.5,1.0,0.5714285714285714,0.7272727272727273,7,0.7857142857142857,0.8464912280701754,0.7253366739743188,0.7812447292966773,3193,0.8190817865512938,0.8348483621029141,0.8213706154038197,0.8252417101809185,8011,0.8235605813830105,42629.211815357216
0,3,4,70,0.8189619942787086,0.8938447814451382,0.8547664747280871,4484,0.8213554972985329,0.9736842105263158,0.8345864661654135,0.8987854251012146,133,0.917102853592924,0.963302752293578,0.9292035398230089,0.945945945945946,113,0.9643485733043388,0.9649122807017544,0.873015873015873,0.9166666666666669,63,0.9363821345202652,0.0,0.0,0.0,19,0.5,1.0,0.3333333333333333,0.5,6,0.6666666666666666,0.8394478750454051,0.7235441452723858,0.7771985875231209,3194,0.8159024171774963,0.8310739865119992,0.8227658512231653,0.8240546074213609,8012,0.8228143426282539,19008.892748355865
0,15,1,86,0.8198935734752354,0.8933987511150758,0.8550693703308432,4484,0.8219474617497693,0.9908256880733946,0.8181818181818182,0.8962655601659751,132,0.9090274492609814,0.9813084112149532,0.9292035398230089,0.9545454545454544,113,0.9644751555787618,0.9836065573770492,0.9523809523809524,0.9677419354838708,63,0.9761275672825748,0.0,0.0,0.0,19,0.5,1.0,0.3333333333333333,0.5,6,0.6666666666666666,0.8462381300219138,0.7254226675015655,0.7811867835468644,3194,0.8190119357852441,0.8349683466684159,0.8236175259018849,0.8262863656788435,8011,0.8245549736619258,33755.123143672936
0,3,5,84,0.8199548347361938,0.8907225691347012,0.8538749331908071,4484,0.8210346613748358,0.9646017699115044,0.8257575757575758,0.8897959183673471,132,0.9126249485590772,0.9813084112149532,0.9292035398230089,0.9545454545454544,113,0.9644751555787618,0.9821428571428572,0.873015873015873,0.9243697478991596,63,0.9364450276000352,0.0,0.0,0.0,20,0.5,1.0,0.6666666666666666,0.8,6,0.8333333333333333,0.8478976234003657,0.7262762292514876,0.7823886639676114,3193,0.8199666741940294,0.8351148264349106,0.8221195855698414,0.8257763320661511,8011,0.8242568012526901,27557.38699913025
0,3,3,91,0.8102086287218959,0.8920606601248885,0.8491667551215369,4484,0.8132731750610274,0.9741379310344828,0.849624060150376,0.9076305220883534,133,0.9246216747452386,0.97196261682243,0.9203539823008848,0.9454545454545454,113,0.9599871177327208,0.9818181818181818,0.8571428571428571,0.9152542372881356,63,0.9285085354896676,0.0,0.0,0.0,19,0.5,1.0,0.42857142857142855,0.6,7,0.7142857142857143,0.8439349112426036,0.7144646211646838,0.7738216344523569,3194,0.8134472929438276,0.8282478801548637,0.8181704729814052,0.8197506889341153,8013,0.8173364327239481,29882.59587168693
0,19,5,101,0.8147847278635256,0.8947368421052632,0.8528911564625852,4484,0.8181899507976741,0.9823008849557522,0.8345864661654135,0.9024390243902438,133,0.9171663456318756,1.0,0.9469026548672568,0.9727272727272728,113,0.9734513274336284,0.984126984126984,0.96875,0.9763779527559054,64,0.984312106918239,0.0,0.0,0.0,20,0.5,1.0,0.5714285714285714,0.7272727272727273,7,0.7857142857142857,0.8484848484848485,0.7190729721265268,0.7784370232242754,3193,0.8170141877848978,0.8330842258092603,0.8225605190915897,0.8244865274348283,8014,0.8220575417751129,35159.399309396744
0,1,5,80,0.8190593551037174,0.8893844781445138,0.8527745108521328,4484,0.819904703661492,0.9736842105263158,0.8345864661654135,0.8987854251012146,133,0.9171029019064602,0.9813084112149532,0.9292035398230089,0.9545454545454544,113,0.9644752036540686,0.9824561403508772,0.8888888888888888,0.9333333333333332,63,0.944381559272768,0.0,0.0,0.0,20,0.5,1.0,0.42857142857142855,0.6,7,0.7142857142857143,0.850718761518614,0.7226048841577959,0.7814457423395972,3194,0.8192899939461179,0.8359296805446614,0.8199401048165709,0.8248291372093506,8014,0.8233992206242431,37325.43890833855
0,15,5,80,0.8156663275686673,0.8940677966101694,0.8530694754761146,4484,0.8186689223912281,0.981981981981982,0.8195488721804511,0.8934426229508197,133,0.9096475325369262,0.9714285714285714,0.9026548672566372,0.9357798165137614,113,0.951137560210597,0.9833333333333332,0.9365079365079364,0.9593495934959352,63,0.9681910751722074,0.0,0.0,0.0,19,0.5,1.0,0.5714285714285714,0.7272727272727273,7,0.7857142857142857,0.8499075785582255,0.7197871008140263,0.7794541447703001,3194,0.8177686282239874,0.8338172533268325,0.8214152002995133,0.8242656917547614,8013,0.8220793897936777,33026.079038143165
0,20,2,94,0.8194358657607577,0.8876003568242641,0.8521571566213467,4484,0.8195440151930898,0.9649122807017544,0.8270676691729323,0.8906882591093117,133,0.9132800274798673,0.9714285714285714,0.9026548672566372,0.9357798165137614,113,0.951137560210597,0.9821428571428572,0.859375,0.9166666666666664,64,0.9296245990061642,0.0,0.0,0.0,19,0.5,0.8,0.6666666666666666,0.7272727272727272,6,0.8332708879730235,0.8386633129716133,0.730745147150908,0.7809938096034801,3194,0.8187861448558027,0.8309999935685106,0.8217895919131412,0.8240112166381542,8013,0.8227853111716088,27977.681035757065
0,7,1,97,0.8197901666323801,0.8887154326494202,0.8528624933119315,4484,0.8201728566706131,0.9910714285714286,0.8345864661654135,0.906122448979592,133,0.9172297651974568,0.981132075471698,0.9203539823008848,0.9497716894977171,113,0.9600503768177,0.9827586206896552,0.9047619047619048,0.9421487603305784,63,0.9523180434730509,0.0,0.0,0.0,19,0.5,1.0,0.6666666666666666,0.8,6,0.8333333333333333,0.8430444282592863,0.7250234888819292,0.7795925239939384,3193,0.8177836414936837,0.8336505035879721,0.8208713019598053,0.8245497700226815,8011,0.8230946878905037,27126.538507938385
0,15,3,89,0.8148827726809378,0.8913916146297948,0.8514218766641815,4484,0.8170839092979003,0.9827586206896552,0.8571428571428571,0.9156626506024096,133,0.9284445411205976,0.981651376146789,0.9469026548672568,0.9639639639639641,113,0.9733247611761924,1.0,0.890625,0.9421487603305784,64,0.9453125,0.0,0.0,0.0,20,0.5,1.0,0.42857142857142855,0.6,7,0.7142857142857143,0.8381607530774801,0.7250234888819292,0.7774979009235936,3193,0.8161520680252833,0.8289013151153021,0.8226853007237335,0.8230016313614212,8014,0.8209067412625983,35381.95418834686
0,15,2,89,0.8199423156159868,0.8876003568242641,0.8524309273934462,4484,0.8198637064892732,0.9658119658119658,0.849624060150376,0.904,133,0.924558126304717,0.9809523809523808,0.9196428571428572,0.9493087557603686,112,0.959694814238686,0.9836065573770492,0.9523809523809524,0.9677419354838708,63,0.9761275593665176,0.0,0.0,0.0,19,0.5,1.0,0.8333333333333334,0.9090909090909092,6,0.9166666666666669,0.8426395939086294,0.7278421547134356,0.7810452024869768,3193,0.8188722918055449,0.8331406289396693,0.8220973782771536,0.8251129186027865,8010,0.8237048906200195,37594.834947347634
0,5,2,93,0.8168438266557645,0.8911685994647636,0.8523890784982935,4484,0.8186721184292656,0.991150442477876,0.8421052631578947,0.9105691056910568,133,0.9209891878535318,0.9905660377358492,0.9292035398230089,0.9589041095890412,113,0.9645384867827864,0.9818181818181818,0.8571428571428571,0.9152542372881356,63,0.928508543399752,0.0,0.0,0.0,20,0.5,1.0,0.42857142857142855,0.6,7,0.7142857142857143,0.8422978412001464,0.7207263619286162,0.7767842078623248,3194,0.8156536373958434,0.8317492563121999,0.8200648864487148,0.8228705091450259,8014,0.8212008917025592,26671.456952333454
0,14,3,88,0.8191904664064105,0.8891614629794826,0.8527430221366699,4484,0.8198641782017595,0.9743589743589745,0.8571428571428571,0.912,133,0.9283810490816456,0.9814814814814816,0.9380530973451328,0.9592760180995475,113,0.9688999503689836,0.9821428571428572,0.873015873015873,0.9243697478991596,63,0.9364450355141009,0.0,0.0,0.0,20,0.5,1.0,0.5,0.6666666666666666,6,0.75,0.8397529069767442,0.7237707485123708,0.7774600504625736,3193,0.8161289932642783,0.8316217217099651,0.8207688467299051,0.8235221089054819,8012,0.8223448903777425,41574.37410378456
0,19,2,92,0.8223454508112549,0.8929527207850134,0.856195872981931,4484,0.8239203955299393,0.9824561403508772,0.8421052631578947,0.9068825910931172,133,0.920925728025648,0.9716981132075472,0.9115044247787609,0.9406392694063926,113,0.9555623389716591,1.0,0.8412698412698413,0.9137931034482758,63,0.9206349206349208,0.0,0.0,0.0,19,0.5,1.0,0.7142857142857143,0.8333333333333333,7,0.8571428571428572,0.8509064002959674,0.7201001878522231,0.7800576564354758,3194,0.8182364396409901,0.8380956692177844,0.8207912142768002,0.8262818382646661,8013,0.8251426317110669,41023.828486919396
0,8,3,95,0.8226173247880918,0.8873773416592329,0.8537710546078747,4484,0.822055554867042,0.9736842105263158,0.8345864661654135,0.8987854251012146,133,0.9171028294269566,0.9809523809523808,0.9196428571428572,0.9493087557603686,112,0.959694830267846,0.9818181818181818,0.8571428571428571,0.9152542372881356,63,0.9285085196635272,0.0,0.0,0.0,19,0.5,1.0,0.7142857142857143,0.8333333333333333,7,0.8571428571428572,0.8390349297803384,0.7297212652677733,0.7805695142378559,3193,0.8184720896700011,0.8333386377805064,0.8216202721258271,0.8251183697777172,8011,0.8242335569070922,31574.725318193443
0,1,2,91,0.8231194916991187,0.8956289027653881,0.8578447078927695,4484,0.8254725177280301,0.9912280701754386,0.849624060150376,0.9149797570850202,133,0.924748562189938,0.9903846153846154,0.9196428571428572,0.9537037037037036,112,0.9597581294196372,1.0,0.984126984126984,0.992,63,0.992063492063492,0.0,0.0,0.0,19,0.5,1.0,0.5,0.6666666666666666,6,0.75,0.8511184451778511,0.7266750156543519,0.7839891910150312,3194,0.8211950955373689,0.8389834633545519,0.8261140931219573,0.8295643825739994,8011,0.8277743569972669,34824.25149202347
0,14,5,89,0.8140529531568228,0.8913916146297948,0.8509687034277198,4484,0.8163390490264304,0.981981981981982,0.8195488721804511,0.8934426229508197,133,0.9096475325369262,0.981132075471698,0.9203539823008848,0.9497716894977171,113,0.9600504088719616,0.9830508474576272,0.90625,0.9430894308943092,64,0.9530620990061642,0.0,0.0,0.0,19,0.5,1.0,0.6666666666666666,0.8,6,0.8333333333333333,0.8404840484048405,0.7175954915466499,0.7741935483870968,3194,0.8136639005772262,0.8292906869998062,0.8191688506177461,0.8211440974742569,8013,0.8192027438717722,35959.67672157288
0,3,1,85,0.8152528548123981,0.8916146297948261,0.8517256071580742,4484,0.8173695490907785,0.981981981981982,0.8195488721804511,0.8934426229508197,133,0.9096475003197256,0.9904761904761904,0.9285714285714286,0.95852534562212,112,0.9642224151339228,1.0,0.873015873015873,0.9322033898305084,63,0.9365079365079364,0.0,0.0,0.0,19,0.5,1.0,0.6666666666666666,0.8,6,0.8333333333333333,0.8477306002928258,0.7251095804633688,0.7816402294971313,3194,0.8193743874913896,0.8330773031145943,0.8221195855698414,0.8245422589729249,8011,0.8219501784805983,27216.21484732628
0,18,1,75,0.8187960687960688,0.8918376449598573,0.8537574722459438,4484,0.8205647148312034,0.9814814814814816,0.7969924812030075,0.8796680497925311,133,0.8983693531506727,0.9809523809523808,0.9115044247787609,0.9449541284403671,113,0.9556256461319448,0.9642857142857144,0.84375,0.8999999999999999,64,0.921749213836478,0.0,0.0,0.0,19,0.5,1.0,0.5714285714285714,0.7272727272727273,7,0.7857142857142857,0.8428882438316401,0.7273011897307452,0.7808403361344539,3194,0.8187335824172397,0.8327633597552748,0.8221861741951585,0.8246467575981202,8014,0.8230481676080939,37905.10506010056
0,12,3,84,0.8202500512400082,0.8925066904549509,0.8548542133931433,4484,0.8219971820084333,0.9745762711864406,0.8646616541353384,0.9163346613545816,133,0.93214047173772,0.9724770642201837,0.9380530973451328,0.954954954954955,113,0.9688366752548448,0.9821428571428572,0.859375,0.9166666666666664,64,0.9296245990061642,0.0,0.0,0.0,19,0.5,1.0,0.5,0.6666666666666666,6,0.75,0.8494897959183674,0.7298058860363181,0.7851128326035702,3194,0.8220517290733572,0.8360960106209012,0.8251591164357919,0.827813024675826,8013,0.8259600384584335,35735.76269650459
0,14,1,82,0.8224510813594232,0.8904995539696701,0.8551236749116609,4484,0.8231188617113865,0.9736842105263158,0.8345864661654135,0.8987854251012146,133,0.9171028777527576,0.9906542056074766,0.9380530973451328,0.9636363636363636,113,0.9689632575333258,0.9830508474576272,0.9206349206349206,0.9508196721311476,63,0.9602545672356992,0.0,0.0,0.0,19,0.5,1.0,0.42857142857142855,0.6,7,0.7142857142857143,0.8452939055174901,0.7338760175328741,0.7856544327132562,3194,0.8224266993661465,0.8359060915589657,0.8255335080494197,0.828189919675984,8013,0.8266765783436366,30700.936874628067
0,7,4,90,0.8189868204283359,0.8869313113291704,0.8516059957173447,4484,0.8188908257326124,0.9661016949152542,0.8571428571428571,0.9083665338645418,133,0.928317589251718,0.9809523809523808,0.9115044247787609,0.9449541284403671,113,0.9556256140857976,0.9830508474576272,0.9206349206349206,0.9508196721311476,63,0.9602545593236246,0.0,0.0,0.0,19,0.5,1.0,0.3333333333333333,0.5,6,0.6666666666666666,0.8435448577680525,0.7241703193487791,0.7793126684636119,3194,0.8175646117291839,0.8329868355433098,0.8196455317024464,0.8235422057827456,8012,0.8223484527518234,28038.07494020462
0,19,3,87,0.8200041330853483,0.8849241748438894,0.8512281454467446,4484,0.8190210443380445,0.9912280701754386,0.849624060150376,0.9149797570850202,133,0.9247485702452602,0.9814814814814816,0.9380530973451328,0.9592760180995475,113,0.9688999503689836,1.0,0.9047619047619048,0.95,63,0.9523809523809524,0.0,0.0,0.0,19,0.5,1.0,0.5,0.6666666666666666,6,0.75,0.8389799635701275,0.7210394489668128,0.7755514396363025,3194,0.8146500690247098,0.8322942183148315,0.8175237144283575,0.8222614578281465,8012,0.8213879103233935,25306.599952697754
0,6,2,88,0.8156766687078996,0.8911685994647636,0.8517531706277309,4484,0.8176443734076441,0.982608695652174,0.849624060150376,0.9112903225806452,133,0.9246851265218884,0.9716981132075472,0.9196428571428572,0.9449541284403671,112,0.959631579185275,0.9824561403508772,0.875,0.9256198347107438,64,0.9374370990061642,0.0,0.0,0.0,20,0.5,1.0,0.6666666666666666,0.8,6,0.8333333333333333,0.8471407624633431,0.7235441452723858,0.7804795677136104,3194,0.8185058348275188,0.8326040329436639,0.8215399975040559,0.8240595408813242,8013,0.821924727297083,26342.913436412808
0,19,4,86,0.8196150696150696,0.8927297056199821,0.8546114432109309,4484,0.8214711754638044,0.9818181818181818,0.8181818181818182,0.8925619834710744,132,0.908963989431054,0.9714285714285714,0.9026548672566372,0.9357798165137614,113,0.951137512129205,0.9821428571428572,0.873015873015873,0.9243697478991596,63,0.9364450276000352,0.0,0.0,0.0,19,0.5,1.0,0.3333333333333333,0.5,6,0.6666666666666666,0.8474945533769063,0.730745147150908,0.7848016139878949,3194,0.8217769746549641,0.8350141061304756,0.8243664960679066,0.8268044765493741,8011,0.8248895556162721,26323.478877782818
0,5,1,88,0.8138967899227956,0.8933987511150758,0.8517967254943654,4484,0.8169175676799522,0.990909090909091,0.8195488721804511,0.8971193415637858,133,0.909710984313576,0.9813084112149532,0.9292035398230089,0.9545454545454544,113,0.9644751876330234,0.9833333333333332,0.921875,0.9516129032258064,64,0.9608745990061642,0.0,0.0,0.0,19,0.5,1.0,0.7142857142857143,0.8333333333333333,7,0.8571428571428572,0.8503196690485145,0.7081114938928907,0.7727272727272727,3193,0.8127694398925035,0.8332953952548677,0.8167977037314365,0.8212519364615402,8013,0.8193191596788095,25053.54592347145
0,5,5,92,0.8189655172413793,0.8898305084745762,0.8529286019666523,4484,0.8198798133526835,0.9727272727272728,0.8106060606060606,0.8842975206611571,132,0.9051126508132472,0.9813084112149532,0.9292035398230089,0.9545454545454544,113,0.9644751555787618,0.9821428571428572,0.873015873015873,0.9243697478991596,63,0.9364450276000352,0.0,0.0,0.0,19,0.5,1.0,0.6666666666666666,0.8,6,0.8333333333333333,0.8430590793765858,0.728240450845335,0.7814547287082142,3194,0.8191752389165433,0.8328716676203284,0.8222444139308451,0.8248813453902212,8011,0.823211009287158,26759.153562784195
0,10,4,89,0.8145952575633688,0.8887154326494202,0.8500426621160408,4484,0.8157781869796576,0.982608695652174,0.849624060150376,0.9112903225806452,133,0.924685094304688,0.9716981132075472,0.9115044247787609,0.9406392694063926,113,0.9555622908902668,1.0,0.9523809523809524,0.975609756097561,63,0.9761904761904762,0.0,0.0,0.0,19,0.5,1.0,0.5,0.6666666666666666,6,0.75,0.8442229605020303,0.7162543062950204,0.774991528295493,3193,0.8143330477095692,0.8310745089391237,0.8177505929347147,0.8212578344471516,8011,0.8194453212041646,36722.33615326882
0,5,4,88,0.8195612056592168,0.8913916146297948,0.8539685930990278,4484,0.8209792540269154,0.982608695652174,0.849624060150376,0.9112903225806452,133,0.9246851104153327,0.97196261682243,0.9203539823008848,0.9454545454545454,113,0.9599870936950684,0.9821428571428572,0.873015873015873,0.9243697478991596,63,0.9364450355141009,0.0,0.0,0.0,19,0.5,1.0,0.5,0.6666666666666666,6,0.75,0.8441510817748441,0.7207263619286162,0.7775713561898328,3194,0.8162577430232537,0.8336900566135115,0.8205192211682476,0.8241427051652026,8012,0.8228726790792725,27312.95805168152
0,1,1,98,0.8187946884576098,0.8938447814451382,0.8546753385222305,4484,0.8212137739425238,0.9912280701754386,0.849624060150376,0.9149797570850202,133,0.9247485702452602,0.9903846153846154,0.9115044247787609,0.9493087557603688,113,0.9556889132375892,1.0,0.859375,0.9243697478991596,64,0.9296875,0.0,0.0,0.0,19,0.5,1.0,0.5,0.6666666666666666,6,0.75,0.8437727603787327,0.7256498590667084,0.7802660380535444,3193,0.8183136201330636,0.8336730656271856,0.8236395406889665,0.8257460731898932,8012,0.8237247077485791,41132.87332487106
0,13,2,87,0.8160801963993454,0.889607493309545,0.8512590695689287,4484,0.8173944496026183,0.9652173913043478,0.8345864661654135,0.8951612903225807,133,0.917039393762996,0.981132075471698,0.9203539823008848,0.9497716894977171,113,0.9600503928468598,0.9666666666666668,0.90625,0.935483870967742,64,0.9529991821841972,0.0,0.0,0.0,19,0.5,1.0,0.3333333333333333,0.5,6,0.6666666666666666,0.8457875457875458,0.7231443783275916,0.7796724632787438,3193,0.8178909274912497,0.8321282749117256,0.8203944083874188,0.8232390743215409,8012,0.8214760765002076,28076.91036939621
0,11,5,87,0.8203813819971294,0.8922836752899197,0.8548232026492895,4484,0.8219921777810143,0.9652173913043478,0.8345864661654135,0.8951612903225807,133,0.917039393762996,0.9813084112149532,0.9292035398230089,0.9545454545454544,113,0.9644751716079216,1.0,0.9523809523809524,0.975609756097561,63,0.9761904761904762,0.0,0.0,0.0,20,0.5,1.0,0.3333333333333333,0.5,6,0.6666666666666666,0.8445896877269427,0.7284685248982149,0.7822431478056163,3193,0.8198267090147849,0.8342020411006021,0.8243884173739391,0.8265243527500542,8012,0.8250089292082439,33163.837569713585
0,11,1,88,0.820475995075913,0.8918376449598573,0.8546698012395811,4484,0.8219108859719921,0.9910714285714286,0.8345864661654135,0.906122448979592,133,0.9172297732527792,0.9907407407407408,0.9469026548672568,0.9683257918552036,113,0.9733880282818368,0.9827586206896552,0.9047619047619048,0.9421487603305784,63,0.9523180513871166,0.0,0.0,0.0,19,0.5,0.75,0.5,0.6,6,0.74993754683987,0.8463503649635037,0.7260488415779587,0.7815975733063699,3194,0.819334092852076,0.8353017254644254,0.8232651023464803,0.8264668634540163,8012,0.8248104811314076,40788.93510437012
0,9,3,89,0.8229359687049619,0.8913916146297948,0.8557970238732469,4484,0.8238137211470971,0.9652173913043478,0.8345864661654135,0.8951612903225807,133,0.917039393762996,0.9813084112149532,0.9292035398230089,0.9545454545454544,113,0.9644751716079216,1.0,0.8412698412698413,0.9137931034482758,63,0.9206349206349208,0.0,0.0,0.0,19,0.5,1.0,0.5,0.6666666666666666,6,0.75,0.8512577469923441,0.7310582341891045,0.7865925551625399,3194,0.8231878966711401,0.8383953932947286,0.8242636045931103,0.8285396317686685,8012,0.8270337994699674,26100.488095998764
0,19,1,94,0.8200982398690135,0.893621766280107,0.8552828175026681,4484,0.8221653924991005,0.990990990990991,0.8270676691729323,0.9016393442622951,133,0.9134703586438484,0.9714285714285714,0.9107142857142856,0.9400921658986174,112,0.9551672213580292,1.0,0.984126984126984,0.992,63,0.992063492063492,0.0,0.0,0.0,19,0.5,0.8,0.6666666666666666,0.7272727272727272,6,0.8332708645677159,0.8515681983953318,0.7312871907297213,0.7868576242628476,3193,0.8233973840300051,0.8370511319414174,0.8264669163545568,0.8289129263026721,8010,0.8266126565359437,44030.28281712532
0,20,5,95,0.8186284544524053,0.8918376449598573,0.8536663464617353,4484,0.8203163274416526,0.9823008849557522,0.8345864661654135,0.9024390243902438,133,0.9171662973122068,0.9907407407407408,0.9553571428571428,0.9727272727272728,112,0.97761527227678,1.0,0.9206349206349206,0.9586776859504132,63,0.9603174603174602,0.0,0.0,0.0,19,0.5,1.0,0.5714285714285714,0.7272727272727273,7,0.7857142857142857,0.8500365764447696,0.7278421547134356,0.7842078623249537,3193,0.8213723019312301,0.8359138383491216,0.8242416677069029,0.8271468043980951,8011,0.8248553489392474,27432.286235809326
0,11,4,86,0.8186094069529652,0.8927297056199821,0.8540644335395775,4484,0.8206562360299456,0.9739130434782608,0.8421052631578947,0.9032258064516128,133,0.9208622520891644,0.9809523809523808,0.9115044247787609,0.9449541284403671,113,0.9556256140857976,0.9636363636363636,0.8412698412698413,0.8983050847457628,63,0.9205091186472492,0.0,0.0,0.0,19,0.5,1.0,0.8333333333333334,0.9090909090909092,6,0.9166666666666669,0.8470460311707141,0.7316844082654979,0.7851503443641861,3194,0.8220480986948079,0.8341483710778426,0.8253869196205691,0.8270533867269133,8012,0.8248747675965831,37316.277070522316
0,16,1,91,0.8178112899938863,0.8949598572702944,0.8546480672984773,4484,0.8207792483630383,0.9732142857142856,0.8195488721804511,0.889795918367347,133,0.9095840566004426,0.9906542056074766,0.9380530973451328,0.9636363636363636,113,0.9689632495207752,1.0,0.9365079365079364,0.9672131147540984,63,0.9682539682539684,0.0,0.0,0.0,20,0.5,1.0,0.6666666666666666,0.8,6,0.8333333333333333,0.8433162892622352,0.7231443783275916,0.7786208059349183,3193,0.8170608797635052,0.8325207390390099,0.8237643534697953,0.8251805241612384,8012,0.823229788500804,39222.71288156509
0,16,2,94,0.8185550082101807,0.8893844781445138,0.8525010688328346,4484,0.8194087923602388,0.9734513274336284,0.8270676691729323,0.8943089430894309,133,0.9133434550966832,0.97196261682243,0.9203539823008848,0.9454545454545454,113,0.9599870936950684,1.0,0.9047619047619048,0.95,63,0.9523809523809524,0.0,0.0,0.0,19,0.5,1.0,0.6666666666666666,0.8,6,0.8333333333333333,0.8407528049221861,0.7273011897307452,0.7799227799227801,3194,0.8179884944087515,0.8317605988499149,0.8220169745381927,0.8242782831736206,8012,0.8226831624064235,39281.035298109055
0,17,3,81,0.8116500913334687,0.8918376449598573,0.8498565508447562,4484,0.8143995481035116,0.9821428571428572,0.8270676691729323,0.8979591836734694,133,0.9134069149266107,0.981651376146789,0.9469026548672568,0.9639639639639641,113,0.9733247291300456,1.0,0.8571428571428571,0.923076923076923,63,0.9285714285714286,0.0,0.0,0.0,19,0.5,1.0,0.5,0.6666666666666666,6,0.75,0.843992606284658,0.7147777082028804,0.7740294965248348,3194,0.8135947486634992,0.8294686719317348,0.81827259111333,0.8204589779578825,8012,0.8180676503999372,33131.991592884064
0,16,3,88,0.8235536339304097,0.8920606601248885,0.8564393533882881,4484,0.8245734139626709,0.9734513274336284,0.8270676691729323,0.8943089430894309,133,0.9133434550966832,0.9716981132075472,0.9115044247787609,0.9406392694063926,113,0.9555623149340065,0.9818181818181818,0.8571428571428571,0.9152542372881356,63,0.9285085275775928,0.0,0.0,0.0,19,0.5,1.0,0.5,0.6666666666666666,6,0.75,0.8445970365016263,0.7316844082654979,0.7840966280825364,3194,0.8212178786865056,0.8359439450731181,0.8246380429355966,0.8277053213319614,8012,0.8265484711789947,40736.87039399147
0,20,4,92,0.8143724696356275,0.8971900089206066,0.8537775891341257,4484,0.8185978397310717,0.981981981981982,0.8195488721804511,0.8934426229508197,133,0.9096475003197256,0.9903846153846154,0.9115044247787609,0.9493087557603688,113,0.9556889052230092,0.9836065573770492,0.9523809523809524,0.9677419354838708,63,0.9761275672825748,0.0,0.0,0.0,19,0.5,1.0,0.6666666666666666,0.8,6,0.8333333333333333,0.850617746162486,0.7115565299091763,0.7748976807639837,3193,0.814371042040516,0.8336228804893009,0.8202471601547872,0.8231749475153769,8011,0.8208527588517062,29729.66140198708
0,18,3,98,0.8153877467942194,0.8933987511150758,0.8526125359157178,4484,0.8181927164473084,0.9732142857142856,0.8195488721804511,0.889795918367347,133,0.9095840807602762,0.9716981132075472,0.9115044247787609,0.9406392694063926,113,0.9555623389716591,0.9827586206896552,0.9047619047619048,0.9421487603305784,63,0.9523180592991912,0.0,0.0,0.0,20,0.5,1.0,0.5,0.6666666666666666,6,0.75,0.8472834067547724,0.7226048841577959,0.7799932409597837,3194,0.8181399602361921,0.8323443201916791,0.8219143891176838,0.8239614987093765,8013,0.8218350727973158,40271.8095471859
0,6,1,85,0.817140519533647,0.8909455842997324,0.8524485223514351,4484,0.8187721118777574,0.9821428571428572,0.8270676691729323,0.8979591836734694,133,0.9134069149266107,0.9716981132075472,0.9115044247787609,0.9406392694063926,113,0.9555623149340065,0.9838709677419356,0.9682539682539684,0.976,63,0.9840640831331484,0.0,0.0,0.0,19,0.5,1.0,0.3333333333333333,0.5,6,0.6666666666666666,0.8392142597308112,0.7222917971195992,0.7763755678950025,3194,0.8152762431011031,0.8303693450985121,0.8210184722915627,0.8228072325202154,8012,0.8213085582420068,20658.871064901352
0,17,2,89,0.8177360032693094,0.8925066904549509,0.853486884197057,4484,0.8198719340628396,0.981981981981982,0.8195488721804511,0.8934426229508197,133,0.9096475325369262,0.981132075471698,0.9203539823008848,0.9497716894977171,113,0.9600504088719616,1.0,0.921875,0.9593495934959351,64,0.9609375,0.0,0.0,0.0,19,0.5,1.0,0.8333333333333334,0.9090909090909092,6,0.9166666666666669,0.8528329654157468,0.7257357545397621,0.7841677943166441,3194,0.8213654908826638,0.8364093670696847,0.8232871583676525,0.8267405607127107,8013,0.8243748843438092,42348.96509790421
0,6,5,81,0.8213993453355155,0.8954058876003568,0.8568075117370891,4484,0.82397845400426,0.9821428571428572,0.8333333333333334,0.9016393442622952,132,0.9165397631133672,0.9809523809523808,0.9115044247787609,0.9449541284403671,113,0.9556256140857976,0.9636363636363636,0.8412698412698413,0.8983050847457628,63,0.9205091186472492,0.0,0.0,0.0,19,0.5,0.8,0.5714285714285714,0.6666666666666666,7,0.7856518247523869,0.8431586608442504,0.7254226675015655,0.7798720969370583,3194,0.8179832308035018,0.8341241880080572,0.8240139790314528,0.8262471863714562,8012,0.8249274097993248,26191.300705194477
0,4,3,93,0.8216338259441708,0.8927297056199821,0.8557075673364687,4484,0.823207256438109,0.9747899159663864,0.8721804511278195,0.9206349206349208,133,0.9358998460741268,0.9813084112149532,0.9292035398230089,0.9545454545454544,113,0.9644751716079216,1.0,0.9365079365079364,0.9672131147540984,63,0.9682539682539684,0.0,0.0,0.0,20,0.5,1.0,0.5,0.6666666666666666,6,0.75,0.8446142649199417,0.7269025994362668,0.7813499410873589,3193,0.8191475022497791,0.8350716840631373,0.8246380429355966,0.8271449826343299,8012,0.8257313637633024,27391.553870201107
0,17,5,92,0.8230912476722533,0.8871543264942016,0.8539229365675647,4484,0.8223349624529999,0.9727272727272728,0.8106060606060606,0.8842975206611571,132,0.9051126266472802,0.971153846153846,0.9017857142857144,0.9351851851851852,112,0.9507029356437436,0.9830508474576272,0.9206349206349206,0.9508196721311476,63,0.9602545434935016,0.0,0.0,0.0,19,0.5,1.0,0.42857142857142855,0.6,7,0.7142857142857143,0.8381607530774801,0.7250234888819292,0.7774979009235936,3193,0.8161135713041575,0.8330948655802545,0.8192259675405743,0.8236093505655767,8010,0.8232397299079971,40714.12095451355
0,9,5,86,0.8199013157894737,0.8893844781445138,0.8532306375695337,4484,0.82050737941816,0.972972972972973,0.8120300751879699,0.8852459016393442,133,0.9058246339382348,0.9809523809523808,0.9196428571428572,0.9493087557603686,112,0.959694830267846,1.0,0.9682539682539684,0.9838709677419354,63,0.9841269841269842,0.0,0.0,0.0,19,0.5,0.8,0.5714285714285714,0.6666666666666666,7,0.7856518169486685,0.8457038391224863,0.7243971186971501,0.7803643724696356,3193,0.8184044539106341,0.8344328960666797,0.8209961303208089,0.8249033133634924,8011,0.8235277207177765,29340.16728925705
